seed,method,selected,oof_accuracy,accuracy,balanced_accuracy,pred_rate
1,conv_fusion_net_0.10,conv_fusion_net_0.10,0.6693726937269373,0.7551622418879056,0.7503668763102724,0.40707964601769914
1,conv_fusion_net_0.20,conv_fusion_net_0.20,0.6797047970479705,0.7404129793510325,0.7339098532494759,0.3805309734513274
1,conv_fusion_net_0.35,conv_fusion_net_0.35,0.6701107011070111,0.7256637168141593,0.7170859538784067,0.3480825958702065
1,conv_fusion_z_et_0.10,conv_fusion_z_et_0.10,0.6752767527675276,0.7404129793510325,0.7368448637316561,0.4277286135693215
1,conv_fusion_z_et_0.20,conv_fusion_z_et_0.20,0.6804428044280443,0.7315634218289085,0.7288784067085954,0.4424778761061947
1,conv_fusion_z_et_0.35,conv_fusion_z_et_0.35,0.6752767527675276,0.7168141592920354,0.7127882599580713,0.4218289085545723
1,conv_fusion_z_log_0.10,conv_fusion_z_log_0.10,0.6686346863468635,0.7345132743362832,0.7312893081761006,0.4336283185840708
1,conv_fusion_z_log_0.20,conv_fusion_z_log_0.20,0.6723247232472325,0.7138643067846607,0.7107442348008386,0.4365781710914454
1,conv_fusion_z_log_0.35,conv_fusion_z_log_0.35,0.6560885608856089,0.7050147492625368,0.7020440251572326,0.43952802359882004
1,conv_fusion_z_svc_0.10,conv_fusion_z_svc_0.10,0.6678966789667896,0.7374631268436578,0.7340670859538784,0.4306784660766962
1,conv_fusion_z_svc_0.20,conv_fusion_z_svc_0.20,0.6723247232472325,0.7109144542772862,0.7075995807127882,0.4336283185840708
1,conv_fusion_z_svc_0.35,conv_fusion_z_svc_0.35,0.659040590405904,0.7020648967551623,0.6988993710691824,0.4365781710914454
1,conv_fusion_zp_log_0.10,conv_fusion_zp_log_0.10,0.6678966789667896,0.7345132743362832,0.7312893081761006,0.4336283185840708
1,conv_fusion_zp_log_0.20,conv_fusion_zp_log_0.20,0.6723247232472325,0.7138643067846607,0.7107442348008386,0.4365781710914454
1,conv_fusion_zp_log_0.35,conv_fusion_zp_log_0.35,0.6568265682656826,0.7050147492625368,0.7020440251572326,0.43952802359882004
1,conv_gate0.008,conv_gate0.008,0.6767527675276753,0.7404129793510325,0.7368448637316561,0.4277286135693215
1,conv_gate0.012,conv_gate0.012,0.6767527675276753,0.7404129793510325,0.7368448637316561,0.4277286135693215
1,conv_gate0.016,conv_gate0.016,0.6767527675276753,0.7404129793510325,0.7368448637316561,0.4277286135693215
1,conv_net,conv_net,0.629520295202952,0.6843657817109144,0.670125786163522,0.25958702064896755
1,conv_svc,conv_svc,0.6767527675276753,0.7404129793510325,0.7368448637316561,0.4277286135693215
1,conv_z_et,conv_z_et,0.6317343173431734,0.696165191740413,0.6929769392033542,0.4365781710914454
1,conv_z_log,conv_z_log,0.6317343173431734,0.6755162241887905,0.6727987421383648,0.44542772861356933
1,conv_z_svc,conv_z_svc,0.6287822878228783,0.6814159292035398,0.6776205450733752,0.4277286135693215
1,conv_zp_log,conv_zp_log,0.6302583025830258,0.6755162241887905,0.6727987421383648,0.44542772861356933
1,erp_erp_late_et_l8,erp_erp_late_et_l8,0.6671586715867158,0.6991150442477876,0.6939203354297694,0.40412979351032446
1,erp_erp_late_lda,erp_erp_late_lda,0.6206642066420665,0.7050147492625368,0.7005765199161426,0.415929203539823
1,erp_erp_late_log_c03,erp_erp_late_log_c03,0.6250922509225092,0.6637168141592921,0.659853249475891,0.4277286135693215
1,erp_erp_late_log_c08,erp_erp_late_log_c08,0.6177121771217712,0.6371681415929203,0.635587002096436,0.46607669616519176
1,erp_erp_late_ridge_a8,erp_erp_late_ridge_a8,0.5874538745387454,0.6342182890855457,0.6324423480083857,0.4631268436578171
1,erp_erp_late_svc_c07,erp_erp_late_svc_c07,0.6671586715867158,0.6991150442477876,0.6950209643605869,0.4218289085545723
1,oof_rank_mean12,oof_rank_mean12,0.7033210332103321,0.7345132743362832,0.7320230607966457,0.44542772861356933
1,oof_rank_mean3,oof_rank_mean3,0.7047970479704797,0.7404129793510325,0.7368448637316561,0.4277286135693215
1,oof_rank_mean5,oof_rank_mean5,0.7033210332103321,0.7374631268436578,0.7344339622641509,0.4365781710914454
1,oof_rank_mean8,oof_rank_mean8,0.7011070110701108,0.7315634218289085,0.7288784067085954,0.4424778761061947
1,oof_rank_median12,oof_rank_median12,0.7033210332103321,0.7345132743362832,0.7320230607966457,0.44542772861356933
1,oof_rank_median3,oof_rank_median3,0.7062730627306273,0.7433628318584071,0.7399895178197065,0.4306784660766962
1,oof_rank_median5,oof_rank_median5,0.7077490774907749,0.7404129793510325,0.7375786163522012,0.43952802359882004
1,oof_rank_median8,oof_rank_median8,0.7047970479704797,0.7345132743362832,0.7316561844863732,0.43952802359882004
1,recipe_conv_spec_erp_mean,recipe_conv_spec_erp_mean,0.6929889298892989,0.7227138643067846,0.7205450733752621,0.45132743362831856
1,recipe_conv_spec_erp_median,recipe_conv_spec_erp_median,0.6929889298892989,0.7227138643067846,0.7205450733752621,0.45132743362831856
1,recipe_conv_spec_erp_zmean,recipe_conv_spec_erp_zmean,0.6833948339483394,0.7138643067846607,0.7133123689727463,0.4778761061946903
1,recipe_four_core_mean,recipe_four_core_mean,0.6929889298892989,0.7227138643067846,0.7205450733752621,0.45132743362831856
1,recipe_four_core_median,recipe_four_core_median,0.6929889298892989,0.7227138643067846,0.7205450733752621,0.45132743362831856
1,recipe_four_core_zmean,recipe_four_core_zmean,0.6833948339483394,0.7138643067846607,0.7133123689727463,0.4778761061946903
1,recipe_robust_core_mean,recipe_robust_core_mean,0.6966789667896679,0.7286135693215339,0.72646750524109,0.45132743362831856
1,recipe_robust_core_median,recipe_robust_core_median,0.6966789667896679,0.7286135693215339,0.72646750524109,0.45132743362831856
1,recipe_robust_core_zmean,recipe_robust_core_zmean,0.6952029520295203,0.7197640117994101,0.7188679245283018,0.471976401179941
1,spec_base,spec_base,0.7011070110701108,0.7404129793510325,0.7368448637316561,0.4277286135693215
1,spec_fusion_spec649_gpu_0.03,spec_fusion_spec649_gpu_0.03,0.7011070110701108,0.7374631268436578,0.7333333333333334,0.41887905604719766
1,spec_fusion_spec649_gpu_0.05,spec_fusion_spec649_gpu_0.05,0.6988929889298893,0.7345132743362832,0.7305555555555555,0.4218289085545723
1,spec_fusion_spec649_gpu_0.08,spec_fusion_spec649_gpu_0.08,0.7025830258302583,0.7374631268436578,0.7337002096436058,0.4247787610619469
1,spec_fusion_spec649_gpu_0.12,spec_fusion_spec649_gpu_0.12,0.6966789667896679,0.7345132743362832,0.7309224318658281,0.4277286135693215
1,spec_fusion_spec649_gpu_0.18,spec_fusion_spec649_gpu_0.18,0.6944649446494465,0.7256637168141593,0.7222222222222222,0.4306784660766962
1,spec_fusion_spec649_gpu_0.28,spec_fusion_spec649_gpu_0.28,0.6627306273062731,0.7256637168141593,0.7222222222222222,0.4306784660766962
1,spec_fusion_spec649_gpu_0.35,spec_fusion_spec649_gpu_0.35,0.6450184501845019,0.7197640117994101,0.7162997903563941,0.4306784660766962
1,spec_fusion_spec649_gpu_0.40,spec_fusion_spec649_gpu_0.40,0.625830258302583,0.7020648967551623,0.6985324947589098,0.4306784660766962
1,spec_fusion_spec649_log_c04_0.03,spec_fusion_spec649_log_c04_0.03,0.7003690036900369,0.7315634218289085,0.7281446540880503,0.4306784660766962
1,spec_fusion_spec649_log_c04_0.05,spec_fusion_spec649_log_c04_0.05,0.7003690036900369,0.7315634218289085,0.7281446540880503,0.4306784660766962
1,spec_fusion_spec649_log_c04_0.08,spec_fusion_spec649_log_c04_0.08,0.6996309963099631,0.7315634218289085,0.7285115303983228,0.4365781710914454
1,spec_fusion_spec649_log_c04_0.12,spec_fusion_spec649_log_c04_0.12,0.7040590405904059,0.7374631268436578,0.7344339622641509,0.4365781710914454
1,spec_fusion_spec649_log_c04_0.18,spec_fusion_spec649_log_c04_0.18,0.7070110701107011,0.7433628318584071,0.7399895178197065,0.4306784660766962
1,spec_fusion_spec649_log_c04_0.28,spec_fusion_spec649_log_c04_0.28,0.6937269372693727,0.7315634218289085,0.7292452830188679,0.44837758112094395
1,spec_fusion_spec649_log_c04_0.35,spec_fusion_spec649_log_c04_0.35,0.6856088560885609,0.7315634218289085,0.7292452830188679,0.44837758112094395
1,spec_fusion_spec649_log_c04_0.40,spec_fusion_spec649_log_c04_0.40,0.6811808118081181,0.7050147492625368,0.7038784067085954,0.4690265486725664
1,spec_fusion_spec649_log_c08_0.03,spec_fusion_spec649_log_c08_0.03,0.7003690036900369,0.7315634218289085,0.7281446540880503,0.4306784660766962
1,spec_fusion_spec649_log_c08_0.05,spec_fusion_spec649_log_c08_0.05,0.6996309963099631,0.7315634218289085,0.7281446540880503,0.4306784660766962
1,spec_fusion_spec649_log_c08_0.08,spec_fusion_spec649_log_c08_0.08,0.7011070110701108,0.7315634218289085,0.7285115303983228,0.4365781710914454
1,spec_fusion_spec649_log_c08_0.12,spec_fusion_spec649_log_c08_0.12,0.7018450184501845,0.7345132743362832,0.7316561844863732,0.43952802359882004
1,spec_fusion_spec649_log_c08_0.18,spec_fusion_spec649_log_c08_0.18,0.7047970479704797,0.7404129793510325,0.7368448637316561,0.4277286135693215
1,spec_fusion_spec649_log_c08_0.28,spec_fusion_spec649_log_c08_0.28,0.6870848708487085,0.7315634218289085,0.7296121593291405,0.45427728613569324
1,spec_fusion_spec649_log_c08_0.35,spec_fusion_spec649_log_c08_0.35,0.6745387453874538,0.7020648967551623,0.700733752620545,0.46607669616519176
1,spec_fusion_spec649_log_c08_0.40,spec_fusion_spec649_log_c08_0.40,0.6686346863468635,0.7020648967551623,0.7003668763102725,0.46017699115044247
1,spec_fusion_spec649_ridge_a5_0.03,spec_fusion_spec649_ridge_a5_0.03,0.6996309963099631,0.7374631268436578,0.7340670859538784,0.4306784660766962
1,spec_fusion_spec649_ridge_a5_0.05,spec_fusion_spec649_ridge_a5_0.05,0.6981549815498155,0.7374631268436578,0.7340670859538784,0.4306784660766962
1,spec_fusion_spec649_ridge_a5_0.08,spec_fusion_spec649_ridge_a5_0.08,0.7003690036900369,0.7345132743362832,0.7312893081761006,0.4336283185840708
1,spec_fusion_spec649_ridge_a5_0.12,spec_fusion_spec649_ridge_a5_0.12,0.7011070110701108,0.7315634218289085,0.7281446540880503,0.4306784660766962
1,spec_fusion_spec649_ridge_a5_0.18,spec_fusion_spec649_ridge_a5_0.18,0.7018450184501845,0.7315634218289085,0.7285115303983228,0.4365781710914454
1,spec_fusion_spec649_ridge_a5_0.28,spec_fusion_spec649_ridge_a5_0.28,0.7025830258302583,0.7256637168141593,0.7236897274633123,0.45427728613569324
1,spec_fusion_spec649_ridge_a5_0.35,spec_fusion_spec649_ridge_a5_0.35,0.6981549815498155,0.7168141592920354,0.7149895178197065,0.45722713864306785
1,spec_fusion_spec649_ridge_a5_0.40,spec_fusion_spec649_ridge_a5_0.40,0.692250922509225,0.7050147492625368,0.7035115303983228,0.4631268436578171
1,spec_fusion_spec649_svc_c08_0.03,spec_fusion_spec649_svc_c08_0.03,0.6988929889298893,0.7374631268436578,0.7337002096436058,0.4247787610619469
1,spec_fusion_spec649_svc_c08_0.05,spec_fusion_spec649_svc_c08_0.05,0.6988929889298893,0.7374631268436578,0.7337002096436058,0.4247787610619469
1,spec_fusion_spec649_svc_c08_0.08,spec_fusion_spec649_svc_c08_0.08,0.6988929889298893,0.7374631268436578,0.7337002096436058,0.4247787610619469
1,spec_fusion_spec649_svc_c08_0.12,spec_fusion_spec649_svc_c08_0.12,0.6988929889298893,0.7404129793510325,0.7364779874213836,0.4218289085545723
1,spec_fusion_spec649_svc_c08_0.18,spec_fusion_spec649_svc_c08_0.18,0.6981549815498155,0.7404129793510325,0.7361111111111112,0.415929203539823
1,spec_fusion_spec649_svc_c08_0.28,spec_fusion_spec649_svc_c08_0.28,0.6996309963099631,0.7433628318584071,0.7388888888888889,0.41297935103244837
1,spec_fusion_spec649_svc_c08_0.35,spec_fusion_spec649_svc_c08_0.35,0.7003690036900369,0.7433628318584071,0.7388888888888889,0.41297935103244837
1,spec_fusion_spec649_svc_c08_0.40,spec_fusion_spec649_svc_c08_0.40,0.6981549815498155,0.7404129793510325,0.7357442348008385,0.41002949852507375
1,spec_spec649_gpu,spec_spec649_gpu,0.537269372693727,0.5457227138643068,0.5410377358490566,0.4218289085545723
1,spec_spec649_log_c04,spec_spec649_log_c04,0.5564575645756458,0.5752212389380531,0.5724842767295597,0.45132743362831856
1,spec_spec649_log_c08,spec_spec649_log_c08,0.5564575645756458,0.5634218289085545,0.5613731656184486,0.4631268436578171
1,spec_spec649_ridge_a5,spec_spec649_ridge_a5,0.5512915129151291,0.5339233038348082,0.5339622641509434,0.49852507374631266
1,spec_spec649_svc_c08,spec_spec649_svc_c08,0.5394833948339484,0.5191740412979351,0.4995283018867924,0.18289085545722714
1,spec_zfusion_spec649_gpu_0.08,spec_zfusion_spec649_gpu_0.08,0.6929889298892989,0.7138643067846607,0.7133123689727463,0.4778761061946903
1,spec_zfusion_spec649_gpu_0.12,spec_zfusion_spec649_gpu_0.12,0.6929889298892989,0.7138643067846607,0.7129454926624738,0.471976401179941
1,spec_zfusion_spec649_gpu_0.18,spec_zfusion_spec649_gpu_0.18,0.6870848708487085,0.7079646017699115,0.7070230607966457,0.471976401179941
1,spec_zfusion_spec649_gpu_0.28,spec_zfusion_spec649_gpu_0.28,0.6767527675276753,0.7109144542772862,0.7098008385744234,0.4690265486725664
1,spec_zfusion_spec649_gpu_0.35,spec_zfusion_spec649_gpu_0.35,0.6605166051660517,0.7020648967551623,0.7011006289308176,0.471976401179941
1,spec_zfusion_spec649_log_c04_0.08,spec_zfusion_spec649_log_c04_0.08,0.7011070110701108,0.7256637168141593,0.7251572327044025,0.4778761061946903
1,spec_zfusion_spec649_log_c04_0.12,spec_zfusion_spec649_log_c04_0.12,0.6996309963099631,0.7227138643067846,0.7220125786163522,0.4749262536873156
1,spec_zfusion_spec649_log_c04_0.18,spec_zfusion_spec649_log_c04_0.18,0.6952029520295203,0.7138643067846607,0.7140461215932914,0.4896755162241888
1,spec_zfusion_spec649_log_c04_0.28,spec_zfusion_spec649_log_c04_0.28,0.6907749077490775,0.7109144542772862,0.7105345911949685,0.4808259587020649
1,spec_zfusion_spec649_log_c04_0.35,spec_zfusion_spec649_log_c04_0.35,0.6782287822878229,0.7079646017699115,0.7077568134171908,0.4837758112094395
1,spec_zfusion_spec649_log_c08_0.08,spec_zfusion_spec649_log_c08_0.08,0.7011070110701108,0.7197640117994101,0.7196016771488469,0.4837758112094395
1,spec_zfusion_spec649_log_c08_0.12,spec_zfusion_spec649_log_c08_0.12,0.7011070110701108,0.7197640117994101,0.7192348008385744,0.4778761061946903
1,spec_zfusion_spec649_log_c08_0.18,spec_zfusion_spec649_log_c08_0.18,0.6937269372693727,0.7138643067846607,0.7140461215932914,0.4896755162241888
1,spec_zfusion_spec649_log_c08_0.28,spec_zfusion_spec649_log_c08_0.28,0.6885608856088561,0.7138643067846607,0.7140461215932914,0.4896755162241888
1,spec_zfusion_spec649_log_c08_0.35,spec_zfusion_spec649_log_c08_0.35,0.6752767527675276,0.7020648967551623,0.7025681341719077,0.49557522123893805
1,spec_zfusion_spec649_ridge_a5_0.08,spec_zfusion_spec649_ridge_a5_0.08,0.6974169741697417,0.7168141592920354,0.7160901467505241,0.4749262536873156
1,spec_zfusion_spec649_ridge_a5_0.12,spec_zfusion_spec649_ridge_a5_0.12,0.6988929889298893,0.7197640117994101,0.7188679245283018,0.471976401179941
1,spec_zfusion_spec649_ridge_a5_0.18,spec_zfusion_spec649_ridge_a5_0.18,0.6900369003690037,0.7020648967551623,0.7022012578616352,0.4896755162241888
1,spec_zfusion_spec649_ridge_a5_0.28,spec_zfusion_spec649_ridge_a5_0.28,0.6789667896678967,0.7138643067846607,0.7140461215932914,0.4896755162241888
1,spec_zfusion_spec649_ridge_a5_0.35,spec_zfusion_spec649_ridge_a5_0.35,0.6789667896678967,0.6991150442477876,0.6994234800838575,0.49262536873156343
1,spec_zfusion_spec649_svc_c08_0.08,spec_zfusion_spec649_svc_c08_0.08,0.6944649446494465,0.7109144542772862,0.710167714884696,0.4749262536873156
1,spec_zfusion_spec649_svc_c08_0.12,spec_zfusion_spec649_svc_c08_0.12,0.692250922509225,0.7109144542772862,0.7098008385744234,0.4690265486725664
1,spec_zfusion_spec649_svc_c08_0.18,spec_zfusion_spec649_svc_c08_0.18,0.6856088560885609,0.7079646017699115,0.7070230607966457,0.471976401179941
1,spec_zfusion_spec649_svc_c08_0.28,spec_zfusion_spec649_svc_c08_0.28,0.6804428044280443,0.7050147492625368,0.7042452830188679,0.4749262536873156
1,spec_zfusion_spec649_svc_c08_0.35,spec_zfusion_spec649_svc_c08_0.35,0.6767527675276753,0.6932153392330384,0.6927672955974842,0.4808259587020649
1,stack_lda,stack_lda,0.6952029520295203,0.7463126843657817,0.7409329140461216,0.39823008849557523
1,stack_log_c003,stack_log_c003,0.6915129151291513,0.7315634218289085,0.7292452830188679,0.44837758112094395
1,stack_log_c01,stack_log_c01,0.692250922509225,0.7374631268436578,0.7337002096436058,0.4247787610619469
3,conv_fusion_net_0.10,conv_fusion_net_0.10,0.6708487084870849,0.7433628318584071,0.7374213836477987,0.3893805309734513
3,conv_fusion_net_0.20,conv_fusion_net_0.20,0.6819188191881919,0.7551622418879056,0.7485324947589098,0.3775811209439528
3,conv_fusion_net_0.35,conv_fusion_net_0.35,0.6723247232472325,0.7640117994100295,0.7579664570230608,0.3864306784660767
3,conv_fusion_z_et_0.10,conv_fusion_z_et_0.10,0.6789667896678967,0.7374631268436578,0.7318658280922432,0.3952802359882006
3,conv_fusion_z_et_0.20,conv_fusion_z_et_0.20,0.6892988929889299,0.7551622418879056,0.7496331236897275,0.3952802359882006
3,conv_fusion_z_et_0.35,conv_fusion_z_et_0.35,0.6863468634686347,0.7404129793510325,0.7353773584905661,0.40412979351032446
3,conv_fusion_z_log_0.10,conv_fusion_z_log_0.10,0.6833948339483394,0.7463126843657817,0.7409329140461216,0.39823008849557523
3,conv_fusion_z_log_0.20,conv_fusion_z_log_0.20,0.6863468634686347,0.7640117994100295,0.7587002096436058,0.39823008849557523
3,conv_fusion_z_log_0.35,conv_fusion_z_log_0.35,0.6730627306273063,0.7581120943952803,0.7538784067085953,0.415929203539823
3,conv_fusion_z_svc_0.10,conv_fusion_z_svc_0.10,0.6782287822878229,0.7463126843657817,0.7405660377358491,0.39233038348082594
3,conv_fusion_z_svc_0.20,conv_fusion_z_svc_0.20,0.6804428044280443,0.7581120943952803,0.7520440251572327,0.3864306784660767
3,conv_fusion_z_svc_0.35,conv_fusion_z_svc_0.35,0.6745387453874538,0.7581120943952803,0.7535115303983229,0.41002949852507375
3,conv_fusion_zp_log_0.10,conv_fusion_zp_log_0.10,0.6841328413284132,0.7463126843657817,0.7409329140461216,0.39823008849557523
3,conv_fusion_zp_log_0.20,conv_fusion_zp_log_0.20,0.6848708487084871,0.7640117994100295,0.7587002096436058,0.39823008849557523
3,conv_fusion_zp_log_0.35,conv_fusion_zp_log_0.35,0.67380073800738,0.7581120943952803,0.7538784067085953,0.415929203539823
3,conv_gate0.008,conv_gate0.008,0.6892988929889299,0.7551622418879056,0.7496331236897275,0.3952802359882006
3,conv_gate0.012,conv_gate0.012,0.6892988929889299,0.7551622418879056,0.7496331236897275,0.3952802359882006
3,conv_gate0.016,conv_gate0.016,0.6892988929889299,0.7551622418879056,0.7496331236897275,0.3952802359882006
3,conv_net,conv_net,0.6369003690036901,0.7168141592920354,0.7098532494758909,0.3746312684365782
3,conv_svc,conv_svc,0.6701107011070111,0.7079646017699115,0.7033542976939203,0.41297935103244837
3,conv_z_et,conv_z_et,0.6487084870848708,0.7345132743362832,0.7312893081761006,0.4336283185840708
3,conv_z_log,conv_z_log,0.6523985239852399,0.7315634218289085,0.7292452830188679,0.44837758112094395
3,conv_z_svc,conv_z_svc,0.6509225092250922,0.7256637168141593,0.7229559748427673,0.4424778761061947
3,conv_zp_log,conv_zp_log,0.6531365313653137,0.7345132743362832,0.7320230607966457,0.44542772861356933
3,erp_erp_late_et_l8,erp_erp_late_et_l8,0.6627306273062731,0.6991150442477876,0.690251572327044,0.34513274336283184
3,erp_erp_late_lda,erp_erp_late_lda,0.6265682656826568,0.6814159292035398,0.6765199161425577,0.41002949852507375
3,erp_erp_late_log_c03,erp_erp_late_log_c03,0.6177121771217712,0.6607669616519174,0.6574423480083857,0.4365781710914454
3,erp_erp_late_log_c08,erp_erp_late_log_c08,0.6059040590405904,0.6637168141592921,0.6602201257861635,0.4336283185840708
3,erp_erp_late_ridge_a8,erp_erp_late_ridge_a8,0.5808118081180812,0.6371681415929203,0.6330188679245283,0.4247787610619469
3,erp_erp_late_svc_c07,erp_erp_late_svc_c07,0.6619926199261993,0.7079646017699115,0.7029874213836478,0.40707964601769914
3,oof_rank_mean12,oof_rank_mean12,0.7018450184501845,0.7256637168141593,0.7218553459119497,0.4247787610619469
3,oof_rank_mean3,oof_rank_mean3,0.7011070110701108,0.7315634218289085,0.7281446540880503,0.4306784660766962
3,oof_rank_mean5,oof_rank_mean5,0.7003690036900369,0.7315634218289085,0.7274109014675052,0.41887905604719766
3,oof_rank_mean8,oof_rank_mean8,0.7025830258302583,0.7315634218289085,0.7274109014675052,0.41887905604719766
3,oof_rank_median12,oof_rank_median12,0.7062730627306273,0.7227138643067846,0.7190775681341719,0.4277286135693215
3,oof_rank_median3,oof_rank_median3,0.7099630996309964,0.7286135693215339,0.725,0.4277286135693215
3,oof_rank_median5,oof_rank_median5,0.7114391143911439,0.7286135693215339,0.7246331236897274,0.4218289085545723
3,oof_rank_median8,oof_rank_median8,0.7070110701107011,0.7286135693215339,0.725,0.4277286135693215
3,recipe_conv_spec_erp_mean,recipe_conv_spec_erp_mean,0.6937269372693727,0.7227138643067846,0.7187106918238994,0.4218289085545723
3,recipe_conv_spec_erp_median,recipe_conv_spec_erp_median,0.6937269372693727,0.7227138643067846,0.7187106918238994,0.4218289085545723
3,recipe_conv_spec_erp_zmean,recipe_conv_spec_erp_zmean,0.6885608856088561,0.7168141592920354,0.7138888888888888,0.43952802359882004
3,recipe_four_core_mean,recipe_four_core_mean,0.6937269372693727,0.7227138643067846,0.7187106918238994,0.4218289085545723
3,recipe_four_core_median,recipe_four_core_median,0.6937269372693727,0.7227138643067846,0.7187106918238994,0.4218289085545723
3,recipe_four_core_zmean,recipe_four_core_zmean,0.6885608856088561,0.7168141592920354,0.7138888888888888,0.43952802359882004
3,recipe_robust_core_mean,recipe_robust_core_mean,0.7033210332103321,0.7256637168141593,0.7218553459119497,0.4247787610619469
3,recipe_robust_core_median,recipe_robust_core_median,0.7033210332103321,0.7256637168141593,0.7218553459119497,0.4247787610619469
3,recipe_robust_core_zmean,recipe_robust_core_zmean,0.6996309963099631,0.7138643067846607,0.711111111111111,0.4424778761061947
3,spec_base,spec_base,0.6907749077490775,0.7079646017699115,0.7033542976939203,0.41297935103244837
3,spec_fusion_spec649_gpu_0.03,spec_fusion_spec649_gpu_0.03,0.6915129151291513,0.7079646017699115,0.7029874213836478,0.40707964601769914
3,spec_fusion_spec649_gpu_0.05,spec_fusion_spec649_gpu_0.05,0.6900369003690037,0.7138643067846607,0.7085429769392033,0.40117994100294985
3,spec_fusion_spec649_gpu_0.08,spec_fusion_spec649_gpu_0.08,0.6870848708487085,0.7138643067846607,0.7092767295597484,0.41297935103244837
3,spec_fusion_spec649_gpu_0.12,spec_fusion_spec649_gpu_0.12,0.6907749077490775,0.7197640117994101,0.7151991614255765,0.41297935103244837
3,spec_fusion_spec649_gpu_0.18,spec_fusion_spec649_gpu_0.18,0.6878228782287823,0.7138643067846607,0.709643605870021,0.41887905604719766
3,spec_fusion_spec649_gpu_0.28,spec_fusion_spec649_gpu_0.28,0.67380073800738,0.7020648967551623,0.6955974842767296,0.3834808259587021
3,spec_fusion_spec649_gpu_0.35,spec_fusion_spec649_gpu_0.35,0.6553505535055351,0.696165191740413,0.6907756813417191,0.40117994100294985
3,spec_fusion_spec649_gpu_0.40,spec_fusion_spec649_gpu_0.40,0.6413284132841328,0.6755162241887905,0.6709643605870022,0.415929203539823
3,spec_fusion_spec649_log_c04_0.03,spec_fusion_spec649_log_c04_0.03,0.692250922509225,0.7227138643067846,0.7172431865828093,0.39823008849557523
3,spec_fusion_spec649_log_c04_0.05,spec_fusion_spec649_log_c04_0.05,0.6900369003690037,0.7227138643067846,0.7172431865828093,0.39823008849557523
3,spec_fusion_spec649_log_c04_0.08,spec_fusion_spec649_log_c04_0.08,0.6937269372693727,0.7168141592920354,0.7116876310272536,0.40412979351032446
3,spec_fusion_spec649_log_c04_0.12,spec_fusion_spec649_log_c04_0.12,0.6937269372693727,0.7109144542772862,0.7061320754716981,0.41002949852507375
3,spec_fusion_spec649_log_c04_0.18,spec_fusion_spec649_log_c04_0.18,0.6974169741697417,0.7227138643067846,0.7190775681341719,0.4277286135693215
3,spec_fusion_spec649_log_c04_0.28,spec_fusion_spec649_log_c04_0.28,0.6929889298892989,0.7345132743362832,0.7305555555555555,0.4218289085545723
3,spec_fusion_spec649_log_c04_0.35,spec_fusion_spec649_log_c04_0.35,0.6841328413284132,0.7286135693215339,0.7246331236897274,0.4218289085545723
3,spec_fusion_spec649_log_c04_0.40,spec_fusion_spec649_log_c04_0.40,0.6833948339483394,0.7227138643067846,0.7187106918238994,0.4218289085545723
3,spec_fusion_spec649_log_c08_0.03,spec_fusion_spec649_log_c08_0.03,0.6907749077490775,0.7227138643067846,0.7172431865828093,0.39823008849557523
3,spec_fusion_spec649_log_c08_0.05,spec_fusion_spec649_log_c08_0.05,0.6892988929889299,0.7227138643067846,0.7172431865828093,0.39823008849557523
3,spec_fusion_spec649_log_c08_0.08,spec_fusion_spec649_log_c08_0.08,0.692250922509225,0.7109144542772862,0.7061320754716981,0.41002949852507375
3,spec_fusion_spec649_log_c08_0.12,spec_fusion_spec649_log_c08_0.12,0.6944649446494465,0.7197640117994101,0.7151991614255765,0.41297935103244837
3,spec_fusion_spec649_log_c08_0.18,spec_fusion_spec649_log_c08_0.18,0.6966789667896679,0.7197640117994101,0.7159329140461216,0.4247787610619469
3,spec_fusion_spec649_log_c08_0.28,spec_fusion_spec649_log_c08_0.28,0.6878228782287823,0.7286135693215339,0.7238993710691823,0.41002949852507375
3,spec_fusion_spec649_log_c08_0.35,spec_fusion_spec649_log_c08_0.35,0.6848708487084871,0.7256637168141593,0.7222222222222222,0.4306784660766962
3,spec_fusion_spec649_log_c08_0.40,spec_fusion_spec649_log_c08_0.40,0.6708487084870849,0.7079646017699115,0.704454926624738,0.4306784660766962
3,spec_fusion_spec649_ridge_a5_0.03,spec_fusion_spec649_ridge_a5_0.03,0.6900369003690037,0.7197640117994101,0.7140985324947589,0.3952802359882006
3,spec_fusion_spec649_ridge_a5_0.05,spec_fusion_spec649_ridge_a5_0.05,0.6915129151291513,0.7227138643067846,0.7168763102725366,0.39233038348082594
3,spec_fusion_spec649_ridge_a5_0.08,spec_fusion_spec649_ridge_a5_0.08,0.6944649446494465,0.7168141592920354,0.7113207547169811,0.39823008849557523
3,spec_fusion_spec649_ridge_a5_0.12,spec_fusion_spec649_ridge_a5_0.12,0.6974169741697417,0.7168141592920354,0.7116876310272536,0.40412979351032446
3,spec_fusion_spec649_ridge_a5_0.18,spec_fusion_spec649_ridge_a5_0.18,0.6988929889298893,0.7168141592920354,0.7120545073375262,0.41002949852507375
3,spec_fusion_spec649_ridge_a5_0.28,spec_fusion_spec649_ridge_a5_0.28,0.7011070110701108,0.7227138643067846,0.7172431865828093,0.39823008849557523
3,spec_fusion_spec649_ridge_a5_0.35,spec_fusion_spec649_ridge_a5_0.35,0.6966789667896679,0.7286135693215339,0.7235324947589099,0.40412979351032446
3,spec_fusion_spec649_ridge_a5_0.40,spec_fusion_spec649_ridge_a5_0.40,0.6952029520295203,0.7197640117994101,0.715566037735849,0.41887905604719766
3,spec_fusion_spec649_svc_c08_0.03,spec_fusion_spec649_svc_c08_0.03,0.6915129151291513,0.7109144542772862,0.7061320754716981,0.41002949852507375
3,spec_fusion_spec649_svc_c08_0.05,spec_fusion_spec649_svc_c08_0.05,0.6907749077490775,0.7109144542772862,0.7061320754716981,0.41002949852507375
3,spec_fusion_spec649_svc_c08_0.08,spec_fusion_spec649_svc_c08_0.08,0.6885608856088561,0.7138643067846607,0.7089098532494759,0.40707964601769914
3,spec_fusion_spec649_svc_c08_0.12,spec_fusion_spec649_svc_c08_0.12,0.6907749077490775,0.7138643067846607,0.7089098532494759,0.40707964601769914
3,spec_fusion_spec649_svc_c08_0.18,spec_fusion_spec649_svc_c08_0.18,0.6900369003690037,0.7197640117994101,0.7144654088050315,0.40117994100294985
3,spec_fusion_spec649_svc_c08_0.28,spec_fusion_spec649_svc_c08_0.28,0.6885608856088561,0.7227138643067846,0.7172431865828093,0.39823008849557523
3,spec_fusion_spec649_svc_c08_0.35,spec_fusion_spec649_svc_c08_0.35,0.692250922509225,0.7256637168141593,0.720020964360587,0.3952802359882006
3,spec_fusion_spec649_svc_c08_0.40,spec_fusion_spec649_svc_c08_0.40,0.692250922509225,0.7256637168141593,0.720020964360587,0.3952802359882006
3,spec_spec649_gpu,spec_spec649_gpu,0.5579335793357934,0.5221238938053098,0.519916142557652,0.4631268436578171
3,spec_spec649_log_c04,spec_spec649_log_c04,0.5682656826568265,0.56047197640118,0.5611635220125786,0.5073746312684366
3,spec_spec649_log_c08,spec_spec649_log_c08,0.5675276752767527,0.5545722713864307,0.555607966457023,0.5132743362831859
3,spec_spec649_ridge_a5,spec_spec649_ridge_a5,0.5564575645756458,0.5073746312684366,0.505293501048218,0.46607669616519176
3,spec_spec649_svc_c08,spec_spec649_svc_c08,0.5542435424354244,0.5722713864306784,0.5568658280922432,0.24778761061946902
3,spec_zfusion_spec649_gpu_0.08,spec_zfusion_spec649_gpu_0.08,0.692250922509225,0.6873156342182891,0.685377358490566,0.45722713864306785
3,spec_zfusion_spec649_gpu_0.12,spec_zfusion_spec649_gpu_0.12,0.6915129151291513,0.6873156342182891,0.6857442348008386,0.4631268436578171
3,spec_zfusion_spec649_gpu_0.18,spec_zfusion_spec649_gpu_0.18,0.6833948339483394,0.6902654867256637,0.6885220125786163,0.46017699115044247
3,spec_zfusion_spec649_gpu_0.28,spec_zfusion_spec649_gpu_0.28,0.67380073800738,0.6932153392330384,0.6920335429769392,0.4690265486725664
3,spec_zfusion_spec649_gpu_0.35,spec_zfusion_spec649_gpu_0.35,0.6752767527675276,0.6991150442477876,0.6986897274633124,0.4808259587020649
3,spec_zfusion_spec649_log_c04_0.08,spec_zfusion_spec649_log_c04_0.08,0.6944649446494465,0.6902654867256637,0.6885220125786163,0.46017699115044247
3,spec_zfusion_spec649_log_c04_0.12,spec_zfusion_spec649_log_c04_0.12,0.6937269372693727,0.6991150442477876,0.6975890985324947,0.4631268436578171
3,spec_zfusion_spec649_log_c04_0.18,spec_zfusion_spec649_log_c04_0.18,0.6959409594095941,0.7079646017699115,0.7070230607966457,0.471976401179941
3,spec_zfusion_spec649_log_c04_0.28,spec_zfusion_spec649_log_c04_0.28,0.6974169741697417,0.7109144542772862,0.7105345911949685,0.4808259587020649
3,spec_zfusion_spec649_log_c04_0.35,spec_zfusion_spec649_log_c04_0.35,0.6900369003690037,0.7020648967551623,0.7018343815513627,0.4837758112094395
3,spec_zfusion_spec649_log_c08_0.08,spec_zfusion_spec649_log_c08_0.08,0.6959409594095941,0.696165191740413,0.6944444444444444,0.46017699115044247
3,spec_zfusion_spec649_log_c08_0.12,spec_zfusion_spec649_log_c08_0.12,0.6937269372693727,0.6991150442477876,0.6975890985324947,0.4631268436578171
3,spec_zfusion_spec649_log_c08_0.18,spec_zfusion_spec649_log_c08_0.18,0.6944649446494465,0.7138643067846607,0.7122117400419288,0.46017699115044247
3,spec_zfusion_spec649_log_c08_0.28,spec_zfusion_spec649_log_c08_0.28,0.6966789667896679,0.7109144542772862,0.7105345911949685,0.4808259587020649
3,spec_zfusion_spec649_log_c08_0.35,spec_zfusion_spec649_log_c08_0.35,0.6944649446494465,0.6991150442477876,0.6983228511530398,0.4749262536873156
3,spec_zfusion_spec649_ridge_a5_0.08,spec_zfusion_spec649_ridge_a5_0.08,0.6981549815498155,0.6902654867256637,0.6885220125786163,0.46017699115044247
3,spec_zfusion_spec649_ridge_a5_0.12,spec_zfusion_spec649_ridge_a5_0.12,0.6959409594095941,0.6991150442477876,0.6972222222222222,0.45722713864306785
3,spec_zfusion_spec649_ridge_a5_0.18,spec_zfusion_spec649_ridge_a5_0.18,0.6959409594095941,0.7050147492625368,0.7038784067085954,0.4690265486725664
3,spec_zfusion_spec649_ridge_a5_0.28,spec_zfusion_spec649_ridge_a5_0.28,0.7033210332103321,0.7109144542772862,0.7098008385744234,0.4690265486725664
3,spec_zfusion_spec649_ridge_a5_0.35,spec_zfusion_spec649_ridge_a5_0.35,0.6944649446494465,0.6991150442477876,0.6986897274633124,0.4808259587020649
3,spec_zfusion_spec649_svc_c08_0.08,spec_zfusion_spec649_svc_c08_0.08,0.6944649446494465,0.696165191740413,0.6944444444444444,0.46017699115044247
3,spec_zfusion_spec649_svc_c08_0.12,spec_zfusion_spec649_svc_c08_0.12,0.6915129151291513,0.696165191740413,0.6940775681341719,0.45427728613569324
3,spec_zfusion_spec649_svc_c08_0.18,spec_zfusion_spec649_svc_c08_0.18,0.6848708487084871,0.7020648967551623,0.700733752620545,0.46607669616519176
3,spec_zfusion_spec649_svc_c08_0.28,spec_zfusion_spec649_svc_c08_0.28,0.6760147601476014,0.6932153392330384,0.6927672955974842,0.4808259587020649
3,spec_zfusion_spec649_svc_c08_0.35,spec_zfusion_spec649_svc_c08_0.35,0.6715867158671587,0.6873156342182891,0.6864779874213836,0.4749262536873156
3,stack_lda,stack_lda,0.7025830258302583,0.7492625368731564,0.7429769392033543,0.3834808259587021
3,stack_log_c003,stack_log_c003,0.7018450184501845,0.7374631268436578,0.7337002096436058,0.4247787610619469
3,stack_log_c01,stack_log_c01,0.7040590405904059,0.7522123893805309,0.7475890985324947,0.41002949852507375
5,conv_fusion_net_0.10,conv_fusion_net_0.10,0.6671586715867158,0.7374631268436578,0.7337002096436058,0.4247787610619469
5,conv_fusion_net_0.20,conv_fusion_net_0.20,0.6745387453874538,0.7374631268436578,0.7329664570230607,0.41297935103244837
5,conv_fusion_net_0.35,conv_fusion_net_0.35,0.6789667896678967,0.7197640117994101,0.7126310272536687,0.37168141592920356
5,conv_fusion_z_et_0.10,conv_fusion_z_et_0.10,0.6723247232472325,0.7433628318584071,0.7407232704402515,0.4424778761061947
5,conv_fusion_z_et_0.20,conv_fusion_z_et_0.20,0.6804428044280443,0.7374631268436578,0.7344339622641509,0.4365781710914454
5,conv_fusion_z_et_0.35,conv_fusion_z_et_0.35,0.6804428044280443,0.7168141592920354,0.7131551362683438,0.4277286135693215
5,conv_fusion_z_log_0.10,conv_fusion_z_log_0.10,0.6693726937269373,0.7374631268436578,0.7344339622641509,0.4365781710914454
5,conv_fusion_z_log_0.20,conv_fusion_z_log_0.20,0.6797047970479705,0.7345132743362832,0.7305555555555555,0.4218289085545723
5,conv_fusion_z_log_0.35,conv_fusion_z_log_0.35,0.6811808118081181,0.7079646017699115,0.7037211740041929,0.41887905604719766
5,conv_fusion_z_svc_0.10,conv_fusion_z_svc_0.10,0.6693726937269373,0.7374631268436578,0.7344339622641509,0.4365781710914454
5,conv_fusion_z_svc_0.20,conv_fusion_z_svc_0.20,0.6782287822878229,0.7345132743362832,0.730188679245283,0.415929203539823
5,conv_fusion_z_svc_0.35,conv_fusion_z_svc_0.35,0.6841328413284132,0.7079646017699115,0.7029874213836478,0.40707964601769914
5,conv_fusion_zp_log_0.10,conv_fusion_zp_log_0.10,0.6693726937269373,0.7374631268436578,0.7344339622641509,0.4365781710914454
5,conv_fusion_zp_log_0.20,conv_fusion_zp_log_0.20,0.6797047970479705,0.7345132743362832,0.7305555555555555,0.4218289085545723
5,conv_fusion_zp_log_0.35,conv_fusion_zp_log_0.35,0.6811808118081181,0.7079646017699115,0.7037211740041929,0.41887905604719766
5,conv_gate0.008,conv_gate0.008,0.6841328413284132,0.7079646017699115,0.7029874213836478,0.40707964601769914
5,conv_gate0.012,conv_gate0.012,0.6841328413284132,0.7079646017699115,0.7029874213836478,0.40707964601769914
5,conv_gate0.016,conv_gate0.016,0.6841328413284132,0.7079646017699115,0.7029874213836478,0.40707964601769914
5,conv_net,conv_net,0.6435424354243543,0.6873156342182891,0.6784067085953878,0.34513274336283184
5,conv_svc,conv_svc,0.6671586715867158,0.7374631268436578,0.735167714884696,0.44837758112094395
5,conv_z_et,conv_z_et,0.6583025830258302,0.6932153392330384,0.6894654088050314,0.4277286135693215
5,conv_z_log,conv_z_log,0.6568265682656826,0.6784660766961652,0.6730083857442348,0.40117994100294985
5,conv_z_svc,conv_z_svc,0.6575645756457564,0.6814159292035398,0.6743186582809224,0.3746312684365782
5,conv_zp_log,conv_zp_log,0.6583025830258302,0.6784660766961652,0.6730083857442348,0.40117994100294985
5,erp_erp_late_et_l8,erp_erp_late_et_l8,0.6730627306273063,0.7109144542772862,0.7024633123689727,0.35103244837758113
5,erp_erp_late_lda,erp_erp_late_lda,0.6369003690036901,0.6607669616519174,0.6585429769392033,0.45427728613569324
5,erp_erp_late_log_c03,erp_erp_late_log_c03,0.6265682656826568,0.6755162241887905,0.6757337526205451,0.49262536873156343
5,erp_erp_late_log_c08,erp_erp_late_log_c08,0.6199261992619927,0.6578171091445427,0.6583333333333333,0.49852507374631266
5,erp_erp_late_ridge_a8,erp_erp_late_ridge_a8,0.5852398523985239,0.6342182890855457,0.6346436058700209,0.49852507374631266
5,erp_erp_late_svc_c07,erp_erp_late_svc_c07,0.6531365313653137,0.7079646017699115,0.704454926624738,0.4306784660766962
5,oof_rank_mean12,oof_rank_mean12,0.6863468634686347,0.7286135693215339,0.725,0.4277286135693215
5,oof_rank_mean3,oof_rank_mean3,0.6833948339483394,0.7374631268436578,0.7348008385744235,0.4424778761061947
5,oof_rank_mean5,oof_rank_mean5,0.6870848708487085,0.7315634218289085,0.7292452830188679,0.44837758112094395
5,oof_rank_mean8,oof_rank_mean8,0.6892988929889299,0.7256637168141593,0.7218553459119497,0.4247787610619469
5,oof_rank_median12,oof_rank_median12,0.6841328413284132,0.7345132743362832,0.7316561844863732,0.43952802359882004
5,oof_rank_median3,oof_rank_median3,0.6878228782287823,0.7227138643067846,0.719811320754717,0.43952802359882004
5,oof_rank_median5,oof_rank_median5,0.6878228782287823,0.7286135693215339,0.7268343815513627,0.45722713864306785
5,oof_rank_median8,oof_rank_median8,0.6915129151291513,0.7345132743362832,0.7312893081761006,0.4336283185840708
5,recipe_conv_spec_erp_mean,recipe_conv_spec_erp_mean,0.6826568265682657,0.7315634218289085,0.7288784067085954,0.4424778761061947
5,recipe_conv_spec_erp_median,recipe_conv_spec_erp_median,0.6826568265682657,0.7315634218289085,0.7288784067085954,0.4424778761061947
5,recipe_conv_spec_erp_zmean,recipe_conv_spec_erp_zmean,0.6826568265682657,0.7286135693215339,0.7279350104821802,0.4749262536873156
5,recipe_four_core_mean,recipe_four_core_mean,0.6826568265682657,0.7315634218289085,0.7288784067085954,0.4424778761061947
5,recipe_four_core_median,recipe_four_core_median,0.6826568265682657,0.7315634218289085,0.7288784067085954,0.4424778761061947
5,recipe_four_core_zmean,recipe_four_core_zmean,0.6826568265682657,0.7286135693215339,0.7279350104821802,0.4749262536873156
5,recipe_robust_core_mean,recipe_robust_core_mean,0.6878228782287823,0.7227138643067846,0.719811320754717,0.43952802359882004
5,recipe_robust_core_median,recipe_robust_core_median,0.6878228782287823,0.7227138643067846,0.719811320754717,0.43952802359882004
5,recipe_robust_core_zmean,recipe_robust_core_zmean,0.6841328413284132,0.7315634218289085,0.730712788259958,0.471976401179941
5,spec_base,spec_base,0.6708487084870849,0.7374631268436578,0.735167714884696,0.44837758112094395
5,spec_fusion_spec649_gpu_0.03,spec_fusion_spec649_gpu_0.03,0.6686346863468635,0.7404129793510325,0.7383123689727463,0.45132743362831856
5,spec_fusion_spec649_gpu_0.05,spec_fusion_spec649_gpu_0.05,0.6686346863468635,0.7374631268436578,0.7348008385744235,0.4424778761061947
5,spec_fusion_spec649_gpu_0.08,spec_fusion_spec649_gpu_0.08,0.6649446494464945,0.7374631268436578,0.7348008385744235,0.4424778761061947
5,spec_fusion_spec649_gpu_0.12,spec_fusion_spec649_gpu_0.12,0.6708487084870849,0.7345132743362832,0.7323899371069182,0.45132743362831856
5,spec_fusion_spec649_gpu_0.18,spec_fusion_spec649_gpu_0.18,0.6612546125461255,0.7345132743362832,0.7331236897274633,0.4631268436578171
5,spec_fusion_spec649_gpu_0.28,spec_fusion_spec649_gpu_0.28,0.6472324723247233,0.7286135693215339,0.7268343815513627,0.45722713864306785
5,spec_fusion_spec649_gpu_0.35,spec_fusion_spec649_gpu_0.35,0.633210332103321,0.7138643067846607,0.710377358490566,0.4306784660766962
5,spec_fusion_spec649_gpu_0.40,spec_fusion_spec649_gpu_0.40,0.6243542435424354,0.6814159292035398,0.6783542976939203,0.43952802359882004
5,spec_fusion_spec649_log_c04_0.03,spec_fusion_spec649_log_c04_0.03,0.6693726937269373,0.7404129793510325,0.7379454926624738,0.44542772861356933
5,spec_fusion_spec649_log_c04_0.05,spec_fusion_spec649_log_c04_0.05,0.6693726937269373,0.7404129793510325,0.7375786163522012,0.43952802359882004
5,spec_fusion_spec649_log_c04_0.08,spec_fusion_spec649_log_c04_0.08,0.6678966789667896,0.7404129793510325,0.7375786163522012,0.43952802359882004
5,spec_fusion_spec649_log_c04_0.12,spec_fusion_spec649_log_c04_0.12,0.6686346863468635,0.7374631268436578,0.735167714884696,0.44837758112094395
5,spec_fusion_spec649_log_c04_0.18,spec_fusion_spec649_log_c04_0.18,0.6723247232472325,0.7433628318584071,0.7410901467505241,0.44837758112094395
5,spec_fusion_spec649_log_c04_0.28,spec_fusion_spec649_log_c04_0.28,0.6583025830258302,0.7463126843657817,0.744601677148847,0.45722713864306785
5,spec_fusion_spec649_log_c04_0.35,spec_fusion_spec649_log_c04_0.35,0.659040590405904,0.7227138643067846,0.7201781970649894,0.44542772861356933
5,spec_fusion_spec649_log_c04_0.40,spec_fusion_spec649_log_c04_0.40,0.6523985239852399,0.7197640117994101,0.7166666666666667,0.4365781710914454
5,spec_fusion_spec649_log_c08_0.03,spec_fusion_spec649_log_c08_0.03,0.6708487084870849,0.7433628318584071,0.7410901467505241,0.44837758112094395
5,spec_fusion_spec649_log_c08_0.05,spec_fusion_spec649_log_c08_0.05,0.6701107011070111,0.7404129793510325,0.7379454926624738,0.44542772861356933
5,spec_fusion_spec649_log_c08_0.08,spec_fusion_spec649_log_c08_0.08,0.6678966789667896,0.7433628318584071,0.7407232704402515,0.4424778761061947
5,spec_fusion_spec649_log_c08_0.12,spec_fusion_spec649_log_c08_0.12,0.6715867158671587,0.7404129793510325,0.7379454926624738,0.44542772861356933
5,spec_fusion_spec649_log_c08_0.18,spec_fusion_spec649_log_c08_0.18,0.6730627306273063,0.7492625368731564,0.7470125786163522,0.44837758112094395
5,spec_fusion_spec649_log_c08_0.28,spec_fusion_spec649_log_c08_0.28,0.6656826568265682,0.7286135693215339,0.7268343815513627,0.45722713864306785
5,spec_fusion_spec649_log_c08_0.35,spec_fusion_spec649_log_c08_0.35,0.6605166051660517,0.7315634218289085,0.7288784067085954,0.4424778761061947
5,spec_fusion_spec649_log_c08_0.40,spec_fusion_spec649_log_c08_0.40,0.6538745387453875,0.7138643067846607,0.711111111111111,0.4424778761061947
5,spec_fusion_spec649_ridge_a5_0.03,spec_fusion_spec649_ridge_a5_0.03,0.6701107011070111,0.7374631268436578,0.735167714884696,0.44837758112094395
5,spec_fusion_spec649_ridge_a5_0.05,spec_fusion_spec649_ridge_a5_0.05,0.6701107011070111,0.7374631268436578,0.735167714884696,0.44837758112094395
5,spec_fusion_spec649_ridge_a5_0.08,spec_fusion_spec649_ridge_a5_0.08,0.6678966789667896,0.7433628318584071,0.7410901467505241,0.44837758112094395
5,spec_fusion_spec649_ridge_a5_0.12,spec_fusion_spec649_ridge_a5_0.12,0.6686346863468635,0.7404129793510325,0.7379454926624738,0.44542772861356933
5,spec_fusion_spec649_ridge_a5_0.18,spec_fusion_spec649_ridge_a5_0.18,0.6715867158671587,0.7433628318584071,0.740356394129979,0.4365781710914454
5,spec_fusion_spec649_ridge_a5_0.28,spec_fusion_spec649_ridge_a5_0.28,0.6782287822878229,0.7433628318584071,0.7407232704402515,0.4424778761061947
5,spec_fusion_spec649_ridge_a5_0.35,spec_fusion_spec649_ridge_a5_0.35,0.67380073800738,0.7345132743362832,0.7316561844863732,0.43952802359882004
5,spec_fusion_spec649_ridge_a5_0.40,spec_fusion_spec649_ridge_a5_0.40,0.6686346863468635,0.7256637168141593,0.7233228511530398,0.44837758112094395
5,spec_fusion_spec649_svc_c08_0.03,spec_fusion_spec649_svc_c08_0.03,0.6715867158671587,0.7374631268436578,0.735167714884696,0.44837758112094395
5,spec_fusion_spec649_svc_c08_0.05,spec_fusion_spec649_svc_c08_0.05,0.6715867158671587,0.7374631268436578,0.735167714884696,0.44837758112094395
5,spec_fusion_spec649_svc_c08_0.08,spec_fusion_spec649_svc_c08_0.08,0.6715867158671587,0.7404129793510325,0.7379454926624738,0.44542772861356933
5,spec_fusion_spec649_svc_c08_0.12,spec_fusion_spec649_svc_c08_0.12,0.6723247232472325,0.7404129793510325,0.7379454926624738,0.44542772861356933
5,spec_fusion_spec649_svc_c08_0.18,spec_fusion_spec649_svc_c08_0.18,0.6730627306273063,0.7315634218289085,0.7285115303983228,0.4365781710914454
5,spec_fusion_spec649_svc_c08_0.28,spec_fusion_spec649_svc_c08_0.28,0.67380073800738,0.7315634218289085,0.7281446540880503,0.4306784660766962
5,spec_fusion_spec649_svc_c08_0.35,spec_fusion_spec649_svc_c08_0.35,0.6730627306273063,0.7286135693215339,0.725,0.4277286135693215
5,spec_fusion_spec649_svc_c08_0.40,spec_fusion_spec649_svc_c08_0.40,0.6723247232472325,0.7345132743362832,0.7305555555555555,0.4218289085545723
5,spec_spec649_gpu,spec_spec649_gpu,0.5498154981549815,0.5663716814159292,0.564517819706499,0.46607669616519176
5,spec_spec649_log_c04,spec_spec649_log_c04,0.5505535055350553,0.5663716814159292,0.5648846960167715,0.471976401179941
5,spec_spec649_log_c08,spec_spec649_log_c08,0.548339483394834,0.5545722713864307,0.5530398322851153,0.471976401179941
5,spec_spec649_ridge_a5,spec_spec649_ridge_a5,0.5476014760147602,0.5103244837758112,0.5073375262054507,0.45132743362831856
5,spec_spec649_svc_c08,spec_spec649_svc_c08,0.5232472324723247,0.5339233038348082,0.5185534591194969,0.25073746312684364
5,spec_zfusion_spec649_gpu_0.08,spec_zfusion_spec649_gpu_0.08,0.6612546125461255,0.7286135693215339,0.7294025157232704,0.49852507374631266
5,spec_zfusion_spec649_gpu_0.12,spec_zfusion_spec649_gpu_0.12,0.6538745387453875,0.7227138643067846,0.7238469601677149,0.504424778761062
5,spec_zfusion_spec649_gpu_0.18,spec_zfusion_spec649_gpu_0.18,0.6568265682656826,0.7227138643067846,0.7238469601677149,0.504424778761062
5,spec_zfusion_spec649_gpu_0.28,spec_zfusion_spec649_gpu_0.28,0.6553505535055351,0.7197640117994101,0.7207023060796646,0.5014749262536873
5,spec_zfusion_spec649_gpu_0.35,spec_zfusion_spec649_gpu_0.35,0.6516605166051661,0.7227138643067846,0.7231132075471698,0.49262536873156343
5,spec_zfusion_spec649_log_c04_0.08,spec_zfusion_spec649_log_c04_0.08,0.6634686346863469,0.7345132743362832,0.734958071278826,0.49262536873156343
5,spec_zfusion_spec649_log_c04_0.12,spec_zfusion_spec649_log_c04_0.12,0.6583025830258302,0.7374631268436578,0.7381027253668763,0.49557522123893805
5,spec_zfusion_spec649_log_c04_0.18,spec_zfusion_spec649_log_c04_0.18,0.6619926199261993,0.7315634218289085,0.7325471698113207,0.5014749262536873
5,spec_zfusion_spec649_log_c04_0.28,spec_zfusion_spec649_log_c04_0.28,0.6671586715867158,0.7256637168141593,0.7262578616352201,0.49557522123893805
5,spec_zfusion_spec649_log_c04_0.35,spec_zfusion_spec649_log_c04_0.35,0.6619926199261993,0.7256637168141593,0.7258909853249476,0.4896755162241888
5,spec_zfusion_spec649_log_c08_0.08,spec_zfusion_spec649_log_c08_0.08,0.6649446494464945,0.7345132743362832,0.734958071278826,0.49262536873156343
5,spec_zfusion_spec649_log_c08_0.12,spec_zfusion_spec649_log_c08_0.12,0.659040590405904,0.7374631268436578,0.7381027253668763,0.49557522123893805
5,spec_zfusion_spec649_log_c08_0.18,spec_zfusion_spec649_log_c08_0.18,0.6619926199261993,0.7374631268436578,0.7381027253668763,0.49557522123893805
5,spec_zfusion_spec649_log_c08_0.28,spec_zfusion_spec649_log_c08_0.28,0.6686346863468635,0.7168141592920354,0.7179245283018867,0.504424778761062
5,spec_zfusion_spec649_log_c08_0.35,spec_zfusion_spec649_log_c08_0.35,0.6619926199261993,0.7197640117994101,0.7207023060796646,0.5014749262536873
5,spec_zfusion_spec649_ridge_a5_0.08,spec_zfusion_spec649_ridge_a5_0.08,0.6671586715867158,0.7374631268436578,0.7377358490566037,0.4896755162241888
5,spec_zfusion_spec649_ridge_a5_0.12,spec_zfusion_spec649_ridge_a5_0.12,0.6656826568265682,0.7315634218289085,0.7318134171907756,0.4896755162241888
5,spec_zfusion_spec649_ridge_a5_0.18,spec_zfusion_spec649_ridge_a5_0.18,0.6686346863468635,0.7345132743362832,0.7345911949685534,0.48672566371681414
5,spec_zfusion_spec649_ridge_a5_0.28,spec_zfusion_spec649_ridge_a5_0.28,0.6723247232472325,0.7138643067846607,0.7144129979035639,0.49557522123893805
5,spec_zfusion_spec649_ridge_a5_0.35,spec_zfusion_spec649_ridge_a5_0.35,0.6745387453874538,0.7079646017699115,0.7084905660377359,0.49557522123893805
5,spec_zfusion_spec649_svc_c08_0.08,spec_zfusion_spec649_svc_c08_0.08,0.6634686346863469,0.7197640117994101,0.7207023060796646,0.5014749262536873
5,spec_zfusion_spec649_svc_c08_0.12,spec_zfusion_spec649_svc_c08_0.12,0.6634686346863469,0.7197640117994101,0.7207023060796646,0.5014749262536873
5,spec_zfusion_spec649_svc_c08_0.18,spec_zfusion_spec649_svc_c08_0.18,0.6583025830258302,0.7138643067846607,0.7147798742138365,0.5014749262536873
5,spec_zfusion_spec649_svc_c08_0.28,spec_zfusion_spec649_svc_c08_0.28,0.6553505535055351,0.7168141592920354,0.7171907756813417,0.49262536873156343
5,spec_zfusion_spec649_svc_c08_0.35,spec_zfusion_spec649_svc_c08_0.35,0.6523985239852399,0.7138643067846607,0.7140461215932914,0.4896755162241888
5,stack_lda,stack_lda,0.6774907749077491,0.7551622418879056,0.7481656184486374,0.37168141592920356
5,stack_log_c003,stack_log_c003,0.6863468634686347,0.7345132743362832,0.7323899371069182,0.45132743362831856
5,stack_log_c01,stack_log_c01,0.6878228782287823,0.7404129793510325,0.7379454926624738,0.44542772861356933
66,conv_fusion_net_0.10,conv_fusion_net_0.10,0.6952029520295203,0.7168141592920354,0.7091194968553459,0.36283185840707965
66,conv_fusion_net_0.20,conv_fusion_net_0.20,0.7003690036900369,0.6991150442477876,0.6887840670859539,0.3215339233038348
66,conv_fusion_net_0.35,conv_fusion_net_0.35,0.6929889298892989,0.672566371681416,0.6568134171907757,0.2359882005899705
66,conv_fusion_z_et_0.10,conv_fusion_z_et_0.10,0.6878228782287823,0.7227138643067846,0.7157756813417191,0.3746312684365782
66,conv_fusion_z_et_0.20,conv_fusion_z_et_0.20,0.7003690036900369,0.7109144542772862,0.7031970649895178,0.36283185840707965
66,conv_fusion_z_et_0.35,conv_fusion_z_et_0.35,0.6885608856088561,0.7315634218289085,0.7244758909853249,0.37168141592920356
66,conv_fusion_z_log_0.10,conv_fusion_z_log_0.10,0.6952029520295203,0.7168141592920354,0.7094863731656185,0.3687315634218289
66,conv_fusion_z_log_0.20,conv_fusion_z_log_0.20,0.6929889298892989,0.7168141592920354,0.7098532494758909,0.3746312684365782
66,conv_fusion_z_log_0.35,conv_fusion_z_log_0.35,0.6878228782287823,0.7197640117994101,0.7126310272536687,0.37168141592920356
66,conv_fusion_z_svc_0.10,conv_fusion_z_svc_0.10,0.6944649446494465,0.7168141592920354,0.7094863731656185,0.3687315634218289
66,conv_fusion_z_svc_0.20,conv_fusion_z_svc_0.20,0.6952029520295203,0.7168141592920354,0.7098532494758909,0.3746312684365782
66,conv_fusion_z_svc_0.35,conv_fusion_z_svc_0.35,0.6885608856088561,0.7197640117994101,0.7126310272536687,0.37168141592920356
66,conv_fusion_zp_log_0.10,conv_fusion_zp_log_0.10,0.6952029520295203,0.7168141592920354,0.7094863731656185,0.3687315634218289
66,conv_fusion_zp_log_0.20,conv_fusion_zp_log_0.20,0.692250922509225,0.7197640117994101,0.7126310272536687,0.37168141592920356
66,conv_fusion_zp_log_0.35,conv_fusion_zp_log_0.35,0.6863468634686347,0.7138643067846607,0.706341719077568,0.36578171091445427
66,conv_gate0.008,conv_gate0.008,0.7003690036900369,0.7109144542772862,0.7031970649895178,0.36283185840707965
66,conv_gate0.012,conv_gate0.012,0.7003690036900369,0.7109144542772862,0.7031970649895178,0.36283185840707965
66,conv_gate0.016,conv_gate0.016,0.6878228782287823,0.7079646017699115,0.7029874213836478,0.40707964601769914
66,conv_net,conv_net,0.6575645756457564,0.6430678466076696,0.625,0.20058997050147492
66,conv_svc,conv_svc,0.6878228782287823,0.7079646017699115,0.7029874213836478,0.40707964601769914
66,conv_z_et,conv_z_et,0.666420664206642,0.7138643067846607,0.7067085953878407,0.37168141592920356
66,conv_z_log,conv_z_log,0.6568265682656826,0.7138643067846607,0.7085429769392033,0.40117994100294985
66,conv_z_svc,conv_z_svc,0.6656826568265682,0.7256637168141593,0.720020964360587,0.3952802359882006
66,conv_zp_log,conv_zp_log,0.6583025830258302,0.7050147492625368,0.6991090146750524,0.39233038348082594
66,erp_erp_late_et_l8,erp_erp_late_et_l8,0.6856088560885609,0.6607669616519174,0.6512054507337526,0.336283185840708
66,erp_erp_late_lda,erp_erp_late_lda,0.633210332103321,0.6519174041297935,0.6461740041928721,0.39823008849557523
66,erp_erp_late_log_c03,erp_erp_late_log_c03,0.6487084870848708,0.6637168141592921,0.6587526205450733,0.41002949852507375
66,erp_erp_late_log_c08,erp_erp_late_log_c08,0.6435424354243543,0.6607669616519174,0.6563417190775681,0.41887905604719766
66,erp_erp_late_ridge_a8,erp_erp_late_ridge_a8,0.5918819188191882,0.6253687315634219,0.6219077568134173,0.4365781710914454
66,erp_erp_late_svc_c07,erp_erp_late_svc_c07,0.666420664206642,0.6637168141592921,0.6558176100628931,0.36283185840707965
66,oof_rank_mean12,oof_rank_mean12,0.7121771217712177,0.7109144542772862,0.7031970649895178,0.36283185840707965
66,oof_rank_mean3,oof_rank_mean3,0.7143911439114391,0.7079646017699115,0.7000524109014674,0.35988200589970504
66,oof_rank_mean5,oof_rank_mean5,0.7151291512915129,0.7020648967551623,0.6944968553459119,0.36578171091445427
66,oof_rank_mean8,oof_rank_mean8,0.7107011070110701,0.7050147492625368,0.6987421383647798,0.3864306784660767
66,oof_rank_median12,oof_rank_median12,0.7055350553505535,0.7109144542772862,0.7039308176100629,0.3746312684365782
66,oof_rank_median3,oof_rank_median3,0.7129151291512915,0.7109144542772862,0.7035639412997903,0.3687315634218289
66,oof_rank_median5,oof_rank_median5,0.7107011070110701,0.7197640117994101,0.7133647798742138,0.3834808259587021
66,oof_rank_median8,oof_rank_median8,0.7025830258302583,0.7168141592920354,0.7109538784067087,0.39233038348082594
66,recipe_conv_spec_erp_mean,recipe_conv_spec_erp_mean,0.7011070110701108,0.7168141592920354,0.7109538784067087,0.39233038348082594
66,recipe_conv_spec_erp_median,recipe_conv_spec_erp_median,0.7011070110701108,0.7168141592920354,0.7109538784067087,0.39233038348082594
66,recipe_conv_spec_erp_zmean,recipe_conv_spec_erp_zmean,0.6996309963099631,0.7138643067846607,0.7089098532494759,0.40707964601769914
66,recipe_four_core_mean,recipe_four_core_mean,0.7011070110701108,0.7168141592920354,0.7109538784067087,0.39233038348082594
66,recipe_four_core_median,recipe_four_core_median,0.7011070110701108,0.7168141592920354,0.7109538784067087,0.39233038348082594
66,recipe_four_core_zmean,recipe_four_core_zmean,0.6996309963099631,0.7138643067846607,0.7089098532494759,0.40707964601769914
66,recipe_robust_core_mean,recipe_robust_core_mean,0.6944649446494465,0.7138643067846607,0.7081761006289309,0.3952802359882006
66,recipe_robust_core_median,recipe_robust_core_median,0.6944649446494465,0.7138643067846607,0.7081761006289309,0.3952802359882006
66,recipe_robust_core_zmean,recipe_robust_core_zmean,0.6988929889298893,0.7079646017699115,0.7037211740041929,0.41887905604719766
66,spec_base,spec_base,0.6929889298892989,0.7079646017699115,0.7029874213836478,0.40707964601769914
66,spec_fusion_spec649_gpu_0.03,spec_fusion_spec649_gpu_0.03,0.6944649446494465,0.7138643067846607,0.7081761006289309,0.3952802359882006
66,spec_fusion_spec649_gpu_0.05,spec_fusion_spec649_gpu_0.05,0.7003690036900369,0.7109144542772862,0.7050314465408805,0.39233038348082594
66,spec_fusion_spec649_gpu_0.08,spec_fusion_spec649_gpu_0.08,0.6944649446494465,0.7168141592920354,0.710587002096436,0.3864306784660767
66,spec_fusion_spec649_gpu_0.12,spec_fusion_spec649_gpu_0.12,0.6944649446494465,0.7138643067846607,0.7070754716981131,0.3775811209439528
66,spec_fusion_spec649_gpu_0.18,spec_fusion_spec649_gpu_0.18,0.692250922509225,0.7079646017699115,0.7011530398322852,0.3775811209439528
66,spec_fusion_spec649_gpu_0.28,spec_fusion_spec649_gpu_0.28,0.6760147601476014,0.6843657817109144,0.6774633123689727,0.3775811209439528
66,spec_fusion_spec649_gpu_0.35,spec_fusion_spec649_gpu_0.35,0.6693726937269373,0.6755162241887905,0.6683962264150943,0.3746312684365782
66,spec_fusion_spec649_gpu_0.40,spec_fusion_spec649_gpu_0.40,0.6487084870848708,0.6607669616519174,0.654874213836478,0.3952802359882006
66,spec_fusion_spec649_log_c04_0.03,spec_fusion_spec649_log_c04_0.03,0.692250922509225,0.7079646017699115,0.7022536687631027,0.3952802359882006
66,spec_fusion_spec649_log_c04_0.05,spec_fusion_spec649_log_c04_0.05,0.6929889298892989,0.7050147492625368,0.6991090146750524,0.39233038348082594
66,spec_fusion_spec649_log_c04_0.08,spec_fusion_spec649_log_c04_0.08,0.6929889298892989,0.7079646017699115,0.7022536687631027,0.3952802359882006
66,spec_fusion_spec649_log_c04_0.12,spec_fusion_spec649_log_c04_0.12,0.6878228782287823,0.7020648967551623,0.6959643605870021,0.3893805309734513
66,spec_fusion_spec649_log_c04_0.18,spec_fusion_spec649_log_c04_0.18,0.6878228782287823,0.7050147492625368,0.6987421383647798,0.3864306784660767
66,spec_fusion_spec649_log_c04_0.28,spec_fusion_spec649_log_c04_0.28,0.6804428044280443,0.6991150442477876,0.6928197064989517,0.3864306784660767
66,spec_fusion_spec649_log_c04_0.35,spec_fusion_spec649_log_c04_0.35,0.6723247232472325,0.6902654867256637,0.6837526205450734,0.3834808259587021
66,spec_fusion_spec649_log_c04_0.40,spec_fusion_spec649_log_c04_0.40,0.6553505535055351,0.6755162241887905,0.6691299790356394,0.3864306784660767
66,spec_fusion_spec649_log_c08_0.03,spec_fusion_spec649_log_c08_0.03,0.6907749077490775,0.7079646017699115,0.7022536687631027,0.3952802359882006
66,spec_fusion_spec649_log_c08_0.05,spec_fusion_spec649_log_c08_0.05,0.6952029520295203,0.7050147492625368,0.6991090146750524,0.39233038348082594
66,spec_fusion_spec649_log_c08_0.08,spec_fusion_spec649_log_c08_0.08,0.6915129151291513,0.7079646017699115,0.7022536687631027,0.3952802359882006
66,spec_fusion_spec649_log_c08_0.12,spec_fusion_spec649_log_c08_0.12,0.6885608856088561,0.7079646017699115,0.7018867924528303,0.3893805309734513
66,spec_fusion_spec649_log_c08_0.18,spec_fusion_spec649_log_c08_0.18,0.6870848708487085,0.7050147492625368,0.6991090146750524,0.39233038348082594
66,spec_fusion_spec649_log_c08_0.28,spec_fusion_spec649_log_c08_0.28,0.6745387453874538,0.6902654867256637,0.6837526205450734,0.3834808259587021
66,spec_fusion_spec649_log_c08_0.35,spec_fusion_spec649_log_c08_0.35,0.6634686346863469,0.6784660766961652,0.6719077568134172,0.3834808259587021
66,spec_fusion_spec649_log_c08_0.40,spec_fusion_spec649_log_c08_0.40,0.6516605166051661,0.6784660766961652,0.6719077568134172,0.3834808259587021
66,spec_fusion_spec649_ridge_a5_0.03,spec_fusion_spec649_ridge_a5_0.03,0.6929889298892989,0.7109144542772862,0.705398322851153,0.39823008849557523
66,spec_fusion_spec649_ridge_a5_0.05,spec_fusion_spec649_ridge_a5_0.05,0.6944649446494465,0.7109144542772862,0.705398322851153,0.39823008849557523
66,spec_fusion_spec649_ridge_a5_0.08,spec_fusion_spec649_ridge_a5_0.08,0.6944649446494465,0.7109144542772862,0.705398322851153,0.39823008849557523
66,spec_fusion_spec649_ridge_a5_0.12,spec_fusion_spec649_ridge_a5_0.12,0.6929889298892989,0.7020648967551623,0.6963312368972746,0.3952802359882006
66,spec_fusion_spec649_ridge_a5_0.18,spec_fusion_spec649_ridge_a5_0.18,0.692250922509225,0.7138643067846607,0.7081761006289309,0.3952802359882006
66,spec_fusion_spec649_ridge_a5_0.28,spec_fusion_spec649_ridge_a5_0.28,0.6892988929889299,0.7109144542772862,0.7057651991614255,0.40412979351032446
66,spec_fusion_spec649_ridge_a5_0.35,spec_fusion_spec649_ridge_a5_0.35,0.6819188191881919,0.7020648967551623,0.6963312368972746,0.3952802359882006
66,spec_fusion_spec649_ridge_a5_0.40,spec_fusion_spec649_ridge_a5_0.40,0.6730627306273063,0.6991150442477876,0.6931865828092243,0.39233038348082594
66,spec_fusion_spec649_svc_c08_0.03,spec_fusion_spec649_svc_c08_0.03,0.6952029520295203,0.7109144542772862,0.7057651991614255,0.40412979351032446
66,spec_fusion_spec649_svc_c08_0.05,spec_fusion_spec649_svc_c08_0.05,0.6952029520295203,0.7138643067846607,0.7085429769392033,0.40117994100294985
66,spec_fusion_spec649_svc_c08_0.08,spec_fusion_spec649_svc_c08_0.08,0.6974169741697417,0.7109144542772862,0.705398322851153,0.39823008849557523
66,spec_fusion_spec649_svc_c08_0.12,spec_fusion_spec649_svc_c08_0.12,0.6966789667896679,0.7138643067846607,0.7081761006289309,0.3952802359882006
66,spec_fusion_spec649_svc_c08_0.18,spec_fusion_spec649_svc_c08_0.18,0.6952029520295203,0.7109144542772862,0.704664570230608,0.3864306784660767
66,spec_fusion_spec649_svc_c08_0.28,spec_fusion_spec649_svc_c08_0.28,0.6959409594095941,0.7079646017699115,0.7015199161425576,0.3834808259587021
66,spec_fusion_spec649_svc_c08_0.35,spec_fusion_spec649_svc_c08_0.35,0.6952029520295203,0.7079646017699115,0.7011530398322852,0.3775811209439528
66,spec_fusion_spec649_svc_c08_0.40,spec_fusion_spec649_svc_c08_0.40,0.6981549815498155,0.7109144542772862,0.7039308176100629,0.3746312684365782
66,spec_spec649_gpu,spec_spec649_gpu,0.5431734317343173,0.5575221238938053,0.5539832285115305,0.43952802359882004
66,spec_spec649_log_c04,spec_spec649_log_c04,0.5343173431734317,0.5663716814159292,0.565985324947589,0.4896755162241888
66,spec_spec649_log_c08,spec_spec649_log_c08,0.5328413284132841,0.5634218289085545,0.5632075471698113,0.49262536873156343
66,spec_spec649_ridge_a5,spec_spec649_ridge_a5,0.5254612546125461,0.5781710914454278,0.5774633123689727,0.4837758112094395
66,spec_spec649_svc_c08,spec_spec649_svc_c08,0.548339483394834,0.5575221238938053,0.5301362683438156,0.05604719764011799
66,spec_zfusion_spec649_gpu_0.08,spec_zfusion_spec649_gpu_0.08,0.6944649446494465,0.7109144542772862,0.7072327044025157,0.4277286135693215
66,spec_zfusion_spec649_gpu_0.12,spec_zfusion_spec649_gpu_0.12,0.6966789667896679,0.7079646017699115,0.7040880503144654,0.4247787610619469
66,spec_zfusion_spec649_gpu_0.18,spec_zfusion_spec649_gpu_0.18,0.6952029520295203,0.7079646017699115,0.7037211740041929,0.41887905604719766
66,spec_zfusion_spec649_gpu_0.28,spec_zfusion_spec649_gpu_0.28,0.6833948339483394,0.7168141592920354,0.7127882599580713,0.4218289085545723
66,spec_zfusion_spec649_gpu_0.35,spec_zfusion_spec649_gpu_0.35,0.6789667896678967,0.7109144542772862,0.7061320754716981,0.41002949852507375
66,spec_zfusion_spec649_log_c04_0.08,spec_zfusion_spec649_log_c04_0.08,0.6929889298892989,0.7020648967551623,0.6981656184486373,0.4247787610619469
66,spec_zfusion_spec649_log_c04_0.12,spec_zfusion_spec649_log_c04_0.12,0.6907749077490775,0.7079646017699115,0.704454926624738,0.4306784660766962
66,spec_zfusion_spec649_log_c04_0.18,spec_zfusion_spec649_log_c04_0.18,0.692250922509225,0.7079646017699115,0.7048218029350104,0.4365781710914454
66,spec_zfusion_spec649_log_c04_0.28,spec_zfusion_spec649_log_c04_0.28,0.6848708487084871,0.7079646017699115,0.7040880503144654,0.4247787610619469
66,spec_zfusion_spec649_log_c04_0.35,spec_zfusion_spec649_log_c04_0.35,0.6723247232472325,0.7079646017699115,0.7037211740041929,0.41887905604719766
66,spec_zfusion_spec649_log_c08_0.08,spec_zfusion_spec649_log_c08_0.08,0.6952029520295203,0.7079646017699115,0.7040880503144654,0.4247787610619469
66,spec_zfusion_spec649_log_c08_0.12,spec_zfusion_spec649_log_c08_0.12,0.6937269372693727,0.7050147492625368,0.7016771488469602,0.4336283185840708
66,spec_zfusion_spec649_log_c08_0.18,spec_zfusion_spec649_log_c08_0.18,0.6900369003690037,0.7109144542772862,0.7075995807127882,0.4336283185840708
66,spec_zfusion_spec649_log_c08_0.28,spec_zfusion_spec649_log_c08_0.28,0.6826568265682657,0.7109144542772862,0.7072327044025157,0.4277286135693215
66,spec_zfusion_spec649_log_c08_0.35,spec_zfusion_spec649_log_c08_0.35,0.6701107011070111,0.696165191740413,0.6918763102725367,0.41887905604719766
66,spec_zfusion_spec649_ridge_a5_0.08,spec_zfusion_spec649_ridge_a5_0.08,0.6966789667896679,0.7109144542772862,0.7075995807127882,0.4336283185840708
66,spec_zfusion_spec649_ridge_a5_0.12,spec_zfusion_spec649_ridge_a5_0.12,0.6974169741697417,0.7168141592920354,0.7131551362683438,0.4277286135693215
66,spec_zfusion_spec649_ridge_a5_0.18,spec_zfusion_spec649_ridge_a5_0.18,0.6870848708487085,0.7079646017699115,0.7048218029350104,0.4365781710914454
66,spec_zfusion_spec649_ridge_a5_0.28,spec_zfusion_spec649_ridge_a5_0.28,0.6789667896678967,0.7109144542772862,0.7072327044025157,0.4277286135693215
66,spec_zfusion_spec649_ridge_a5_0.35,spec_zfusion_spec649_ridge_a5_0.35,0.666420664206642,0.7020648967551623,0.6981656184486373,0.4247787610619469
66,spec_zfusion_spec649_svc_c08_0.08,spec_zfusion_spec649_svc_c08_0.08,0.6915129151291513,0.7109144542772862,0.7068658280922432,0.4218289085545723
66,spec_zfusion_spec649_svc_c08_0.12,spec_zfusion_spec649_svc_c08_0.12,0.6863468634686347,0.7109144542772862,0.7068658280922432,0.4218289085545723
66,spec_zfusion_spec649_svc_c08_0.18,spec_zfusion_spec649_svc_c08_0.18,0.6826568265682657,0.7050147492625368,0.7005765199161426,0.415929203539823
66,spec_zfusion_spec649_svc_c08_0.28,spec_zfusion_spec649_svc_c08_0.28,0.6826568265682657,0.7079646017699115,0.7037211740041929,0.41887905604719766
66,spec_zfusion_spec649_svc_c08_0.35,spec_zfusion_spec649_svc_c08_0.35,0.6752767527675276,0.7020648967551623,0.6970649895178197,0.40707964601769914
66,stack_lda,stack_lda,0.718819188191882,0.7286135693215339,0.719496855345912,0.3392330383480826
66,stack_log_c003,stack_log_c003,0.7092250922509226,0.7168141592920354,0.710587002096436,0.3864306784660767
66,stack_log_c01,stack_log_c01,0.7114391143911439,0.7109144542772862,0.7035639412997903,0.3687315634218289
789,conv_fusion_net_0.10,conv_fusion_net_0.10,0.6959409594095941,0.6873156342182891,0.6846436058700209,0.44542772861356933
789,conv_fusion_net_0.20,conv_fusion_net_0.20,0.7070110701107011,0.6902654867256637,0.6863207547169812,0.4247787610619469
789,conv_fusion_net_0.35,conv_fusion_net_0.35,0.7011070110701108,0.6784660766961652,0.6726415094339623,0.3952802359882006
789,conv_fusion_z_et_0.10,conv_fusion_z_et_0.10,0.6996309963099631,0.6873156342182891,0.685377358490566,0.45722713864306785
789,conv_fusion_z_et_0.20,conv_fusion_z_et_0.20,0.7070110701107011,0.6873156342182891,0.6857442348008386,0.4631268436578171
789,conv_fusion_z_et_0.35,conv_fusion_z_et_0.35,0.7070110701107011,0.672566371681416,0.6711215932914045,0.46607669616519176
789,conv_fusion_z_log_0.10,conv_fusion_z_log_0.10,0.6974169741697417,0.6843657817109144,0.6825995807127883,0.46017699115044247
789,conv_fusion_z_log_0.20,conv_fusion_z_log_0.20,0.7070110701107011,0.672566371681416,0.6714884696016772,0.471976401179941
789,conv_fusion_z_log_0.35,conv_fusion_z_log_0.35,0.6988929889298893,0.6784660766961652,0.6774109014675052,0.471976401179941
789,conv_fusion_z_svc_0.10,conv_fusion_z_svc_0.10,0.6988929889298893,0.6843657817109144,0.6822327044025157,0.45427728613569324
789,conv_fusion_z_svc_0.20,conv_fusion_z_svc_0.20,0.7092250922509226,0.6902654867256637,0.6888888888888889,0.46607669616519176
789,conv_fusion_z_svc_0.35,conv_fusion_z_svc_0.35,0.6966789667896679,0.6843657817109144,0.6825995807127883,0.46017699115044247
789,conv_fusion_zp_log_0.10,conv_fusion_zp_log_0.10,0.6981549815498155,0.6843657817109144,0.6825995807127883,0.46017699115044247
789,conv_fusion_zp_log_0.20,conv_fusion_zp_log_0.20,0.7084870848708487,0.6755162241887905,0.674266247379455,0.4690265486725664
789,conv_fusion_zp_log_0.35,conv_fusion_zp_log_0.35,0.6988929889298893,0.6784660766961652,0.6770440251572327,0.46607669616519176
789,conv_gate0.008,conv_gate0.008,0.7092250922509226,0.6902654867256637,0.6888888888888889,0.46607669616519176
789,conv_gate0.012,conv_gate0.012,0.7092250922509226,0.6902654867256637,0.6888888888888889,0.46607669616519176
789,conv_gate0.016,conv_gate0.016,0.7092250922509226,0.6902654867256637,0.6888888888888889,0.46607669616519176
789,conv_net,conv_net,0.6686346863468635,0.6784660766961652,0.669706498951782,0.3480825958702065
789,conv_svc,conv_svc,0.6833948339483394,0.6666666666666666,0.665566037735849,0.471976401179941
789,conv_z_et,conv_z_et,0.6693726937269373,0.672566371681416,0.6711215932914045,0.46607669616519176
789,conv_z_log,conv_z_log,0.6612546125461255,0.6696165191740413,0.6683438155136268,0.4690265486725664
789,conv_z_svc,conv_z_svc,0.6612546125461255,0.6696165191740413,0.6683438155136268,0.4690265486725664
789,conv_zp_log,conv_zp_log,0.6605166051660517,0.672566371681416,0.6703878406708595,0.45427728613569324
789,erp_erp_late_et_l8,erp_erp_late_et_l8,0.6774907749077491,0.6489675516224189,0.6426624737945492,0.3893805309734513
789,erp_erp_late_lda,erp_erp_late_lda,0.6339483394833948,0.6283185840707964,0.6257861635220126,0.45132743362831856
789,erp_erp_late_log_c03,erp_erp_late_log_c03,0.6435424354243543,0.6342182890855457,0.6331761006289308,0.4749262536873156
789,erp_erp_late_log_c08,erp_erp_late_log_c08,0.6369003690036901,0.6489675516224189,0.6496331236897275,0.5014749262536873
789,erp_erp_late_ridge_a8,erp_erp_late_ridge_a8,0.5985239852398524,0.5958702064896755,0.5955974842767295,0.4896755162241888
789,erp_erp_late_svc_c07,erp_erp_late_svc_c07,0.6693726937269373,0.6607669616519174,0.6578092243186583,0.4424778761061947
789,oof_rank_mean12,oof_rank_mean12,0.7143911439114391,0.6902654867256637,0.6874213836477987,0.4424778761061947
789,oof_rank_mean3,oof_rank_mean3,0.7239852398523985,0.6873156342182891,0.6846436058700209,0.44542772861356933
789,oof_rank_mean5,oof_rank_mean5,0.7158671586715867,0.6873156342182891,0.6842767295597484,0.43952802359882004
789,oof_rank_mean8,oof_rank_mean8,0.7129151291512915,0.6843657817109144,0.6814989517819706,0.4424778761061947
789,oof_rank_median12,oof_rank_median12,0.7158671586715867,0.6784660766961652,0.6766771488469602,0.46017699115044247
789,oof_rank_median3,oof_rank_median3,0.7158671586715867,0.6755162241887905,0.6738993710691823,0.4631268436578171
789,oof_rank_median5,oof_rank_median5,0.7173431734317344,0.6784660766961652,0.6759433962264151,0.44837758112094395
789,oof_rank_median8,oof_rank_median8,0.7158671586715867,0.6814159292035398,0.6787211740041929,0.44542772861356933
789,recipe_conv_spec_erp_mean,recipe_conv_spec_erp_mean,0.7084870848708487,0.6755162241887905,0.675,0.4808259587020649
789,recipe_conv_spec_erp_median,recipe_conv_spec_erp_median,0.7084870848708487,0.6755162241887905,0.675,0.4808259587020649
789,recipe_conv_spec_erp_zmean,recipe_conv_spec_erp_zmean,0.6937269372693727,0.6666666666666666,0.6688679245283018,0.5250737463126843
789,recipe_four_core_mean,recipe_four_core_mean,0.7084870848708487,0.6755162241887905,0.675,0.4808259587020649
789,recipe_four_core_median,recipe_four_core_median,0.7084870848708487,0.6755162241887905,0.675,0.4808259587020649
789,recipe_four_core_zmean,recipe_four_core_zmean,0.6937269372693727,0.6666666666666666,0.6688679245283018,0.5250737463126843
789,recipe_robust_core_mean,recipe_robust_core_mean,0.7099630996309964,0.672566371681416,0.6714884696016772,0.471976401179941
789,recipe_robust_core_median,recipe_robust_core_median,0.7099630996309964,0.672566371681416,0.6714884696016772,0.471976401179941
789,recipe_robust_core_zmean,recipe_robust_core_zmean,0.6966789667896679,0.6548672566371682,0.6570230607966456,0.5250737463126843
789,spec_base,spec_base,0.7018450184501845,0.6666666666666666,0.665566037735849,0.471976401179941
789,spec_fusion_spec649_gpu_0.03,spec_fusion_spec649_gpu_0.03,0.7062730627306273,0.6696165191740413,0.6683438155136268,0.4690265486725664
789,spec_fusion_spec649_gpu_0.05,spec_fusion_spec649_gpu_0.05,0.7070110701107011,0.672566371681416,0.6711215932914045,0.46607669616519176
789,spec_fusion_spec649_gpu_0.08,spec_fusion_spec649_gpu_0.08,0.7084870848708487,0.672566371681416,0.6711215932914045,0.46607669616519176
789,spec_fusion_spec649_gpu_0.12,spec_fusion_spec649_gpu_0.12,0.7121771217712177,0.6666666666666666,0.6651991614255766,0.46607669616519176
789,spec_fusion_spec649_gpu_0.18,spec_fusion_spec649_gpu_0.18,0.7018450184501845,0.6696165191740413,0.6676100628930817,0.45722713864306785
789,spec_fusion_spec649_gpu_0.28,spec_fusion_spec649_gpu_0.28,0.6900369003690037,0.6784660766961652,0.6763102725366876,0.45427728613569324
789,spec_fusion_spec649_gpu_0.35,spec_fusion_spec649_gpu_0.35,0.6745387453874538,0.640117994100295,0.6368972746331236,0.43952802359882004
789,spec_fusion_spec649_gpu_0.40,spec_fusion_spec649_gpu_0.40,0.6516605166051661,0.6194690265486725,0.6163522012578616,0.4424778761061947
789,spec_fusion_spec649_log_c04_0.03,spec_fusion_spec649_log_c04_0.03,0.7011070110701108,0.6696165191740413,0.6683438155136268,0.4690265486725664
789,spec_fusion_spec649_log_c04_0.05,spec_fusion_spec649_log_c04_0.05,0.7040590405904059,0.672566371681416,0.6711215932914045,0.46607669616519176
789,spec_fusion_spec649_log_c04_0.08,spec_fusion_spec649_log_c04_0.08,0.7033210332103321,0.6696165191740413,0.6679769392033543,0.4631268436578171
789,spec_fusion_spec649_log_c04_0.12,spec_fusion_spec649_log_c04_0.12,0.7047970479704797,0.6755162241887905,0.6738993710691823,0.4631268436578171
789,spec_fusion_spec649_log_c04_0.18,spec_fusion_spec649_log_c04_0.18,0.7011070110701108,0.6843657817109144,0.6825995807127883,0.46017699115044247
789,spec_fusion_spec649_log_c04_0.28,spec_fusion_spec649_log_c04_0.28,0.6966789667896679,0.672566371681416,0.6707547169811321,0.46017699115044247
789,spec_fusion_spec649_log_c04_0.35,spec_fusion_spec649_log_c04_0.35,0.6959409594095941,0.6666666666666666,0.6644654088050315,0.45427728613569324
789,spec_fusion_spec649_log_c04_0.40,spec_fusion_spec649_log_c04_0.40,0.6952029520295203,0.6696165191740413,0.6668763102725367,0.44542772861356933
789,spec_fusion_spec649_log_c08_0.03,spec_fusion_spec649_log_c08_0.03,0.7033210332103321,0.672566371681416,0.6711215932914045,0.46607669616519176
789,spec_fusion_spec649_log_c08_0.05,spec_fusion_spec649_log_c08_0.05,0.7033210332103321,0.672566371681416,0.6711215932914045,0.46607669616519176
789,spec_fusion_spec649_log_c08_0.08,spec_fusion_spec649_log_c08_0.08,0.7047970479704797,0.672566371681416,0.6707547169811321,0.46017699115044247
789,spec_fusion_spec649_log_c08_0.12,spec_fusion_spec649_log_c08_0.12,0.7077490774907749,0.6784660766961652,0.6766771488469602,0.46017699115044247
789,spec_fusion_spec649_log_c08_0.18,spec_fusion_spec649_log_c08_0.18,0.6996309963099631,0.6814159292035398,0.6790880503144654,0.45132743362831856
789,spec_fusion_spec649_log_c08_0.28,spec_fusion_spec649_log_c08_0.28,0.6937269372693727,0.672566371681416,0.6707547169811321,0.46017699115044247
789,spec_fusion_spec649_log_c08_0.35,spec_fusion_spec649_log_c08_0.35,0.6981549815498155,0.6666666666666666,0.6629979035639413,0.4306784660766962
789,spec_fusion_spec649_log_c08_0.40,spec_fusion_spec649_log_c08_0.40,0.6944649446494465,0.6430678466076696,0.639308176100629,0.4306784660766962
789,spec_fusion_spec649_ridge_a5_0.03,spec_fusion_spec649_ridge_a5_0.03,0.7033210332103321,0.672566371681416,0.6711215932914045,0.46607669616519176
789,spec_fusion_spec649_ridge_a5_0.05,spec_fusion_spec649_ridge_a5_0.05,0.7040590405904059,0.672566371681416,0.6711215932914045,0.46607669616519176
789,spec_fusion_spec649_ridge_a5_0.08,spec_fusion_spec649_ridge_a5_0.08,0.7070110701107011,0.6755162241887905,0.6738993710691823,0.4631268436578171
789,spec_fusion_spec649_ridge_a5_0.12,spec_fusion_spec649_ridge_a5_0.12,0.7114391143911439,0.6755162241887905,0.6738993710691823,0.4631268436578171
789,spec_fusion_spec649_ridge_a5_0.18,spec_fusion_spec649_ridge_a5_0.18,0.7092250922509226,0.6637168141592921,0.6616876310272537,0.45722713864306785
789,spec_fusion_spec649_ridge_a5_0.28,spec_fusion_spec649_ridge_a5_0.28,0.7047970479704797,0.6814159292035398,0.6787211740041929,0.44542772861356933
789,spec_fusion_spec649_ridge_a5_0.35,spec_fusion_spec649_ridge_a5_0.35,0.7092250922509226,0.6578171091445427,0.6550314465408804,0.44542772861356933
789,spec_fusion_spec649_ridge_a5_0.40,spec_fusion_spec649_ridge_a5_0.40,0.7055350553505535,0.6489675516224189,0.644496855345912,0.41887905604719766
789,spec_fusion_spec649_svc_c08_0.03,spec_fusion_spec649_svc_c08_0.03,0.7025830258302583,0.6696165191740413,0.6683438155136268,0.4690265486725664
789,spec_fusion_spec649_svc_c08_0.05,spec_fusion_spec649_svc_c08_0.05,0.7025830258302583,0.6696165191740413,0.6683438155136268,0.4690265486725664
789,spec_fusion_spec649_svc_c08_0.08,spec_fusion_spec649_svc_c08_0.08,0.7040590405904059,0.6696165191740413,0.6683438155136268,0.4690265486725664
789,spec_fusion_spec649_svc_c08_0.12,spec_fusion_spec649_svc_c08_0.12,0.7062730627306273,0.6696165191740413,0.6683438155136268,0.4690265486725664
789,spec_fusion_spec649_svc_c08_0.18,spec_fusion_spec649_svc_c08_0.18,0.7070110701107011,0.672566371681416,0.6711215932914045,0.46607669616519176
789,spec_fusion_spec649_svc_c08_0.28,spec_fusion_spec649_svc_c08_0.28,0.7040590405904059,0.6755162241887905,0.6735324947589099,0.45722713864306785
789,spec_fusion_spec649_svc_c08_0.35,spec_fusion_spec649_svc_c08_0.35,0.7062730627306273,0.6843657817109144,0.6818658280922432,0.44837758112094395
789,spec_fusion_spec649_svc_c08_0.40,spec_fusion_spec649_svc_c08_0.40,0.7040590405904059,0.6814159292035398,0.6787211740041929,0.44542772861356933
789,spec_spec649_gpu,spec_spec649_gpu,0.5623616236162362,0.528023598820059,0.5232704402515723,0.4218289085545723
789,spec_spec649_log_c04,spec_spec649_log_c04,0.5756457564575646,0.56047197640118,0.5574947589098532,0.44837758112094395
789,spec_spec649_log_c08,spec_spec649_log_c08,0.574169741697417,0.528023598820059,0.5254716981132075,0.45722713864306785
789,spec_spec649_ridge_a5,spec_spec649_ridge_a5,0.574169741697417,0.5221238938053098,0.5188155136268344,0.44542772861356933
789,spec_spec649_svc_c08,spec_spec649_svc_c08,0.5564575645756458,0.5073746312684366,0.49171907756813416,0.24778761061946902
789,spec_zfusion_spec649_gpu_0.08,spec_zfusion_spec649_gpu_0.08,0.6981549815498155,0.6666666666666666,0.6681341719077568,0.5132743362831859
789,spec_zfusion_spec649_gpu_0.12,spec_zfusion_spec649_gpu_0.12,0.6959409594095941,0.6666666666666666,0.6681341719077568,0.5132743362831859
789,spec_zfusion_spec649_gpu_0.18,spec_zfusion_spec649_gpu_0.18,0.6959409594095941,0.6607669616519174,0.6622117400419287,0.5132743362831859
789,spec_zfusion_spec649_gpu_0.28,spec_zfusion_spec649_gpu_0.28,0.6952029520295203,0.672566371681416,0.6733228511530398,0.5014749262536873
789,spec_zfusion_spec649_gpu_0.35,spec_zfusion_spec649_gpu_0.35,0.6907749077490775,0.6607669616519174,0.660377358490566,0.4837758112094395
789,spec_zfusion_spec649_log_c04_0.08,spec_zfusion_spec649_log_c04_0.08,0.6974169741697417,0.672566371681416,0.6740566037735849,0.5132743362831859
789,spec_zfusion_spec649_log_c04_0.12,spec_zfusion_spec649_log_c04_0.12,0.6952029520295203,0.672566371681416,0.6744234800838574,0.5191740412979351
789,spec_zfusion_spec649_log_c04_0.18,spec_zfusion_spec649_log_c04_0.18,0.6974169741697417,0.6666666666666666,0.6685010482180294,0.5191740412979351
789,spec_zfusion_spec649_log_c04_0.28,spec_zfusion_spec649_log_c04_0.28,0.6885608856088561,0.6666666666666666,0.6674004192872117,0.5014749262536873
789,spec_zfusion_spec649_log_c04_0.35,spec_zfusion_spec649_log_c04_0.35,0.6907749077490775,0.6578171091445427,0.6590670859538783,0.5103244837758112
789,spec_zfusion_spec649_log_c08_0.08,spec_zfusion_spec649_log_c08_0.08,0.6981549815498155,0.6755162241887905,0.6768343815513627,0.5103244837758112
789,spec_zfusion_spec649_log_c08_0.12,spec_zfusion_spec649_log_c08_0.12,0.6966789667896679,0.672566371681416,0.6744234800838574,0.5191740412979351
789,spec_zfusion_spec649_log_c08_0.18,spec_zfusion_spec649_log_c08_0.18,0.6974169741697417,0.6637168141592921,0.6653563941299789,0.5162241887905604
789,spec_zfusion_spec649_log_c08_0.28,spec_zfusion_spec649_log_c08_0.28,0.692250922509225,0.672566371681416,0.6740566037735849,0.5132743362831859
789,spec_zfusion_spec649_log_c08_0.35,spec_zfusion_spec649_log_c08_0.35,0.6944649446494465,0.6666666666666666,0.6670335429769392,0.49557522123893805
789,spec_zfusion_spec649_ridge_a5_0.08,spec_zfusion_spec649_ridge_a5_0.08,0.6988929889298893,0.672566371681416,0.6736897274633123,0.5073746312684366
789,spec_zfusion_spec649_ridge_a5_0.12,spec_zfusion_spec649_ridge_a5_0.12,0.6944649446494465,0.6696165191740413,0.670545073375262,0.504424778761062
789,spec_zfusion_spec649_ridge_a5_0.18,spec_zfusion_spec649_ridge_a5_0.18,0.7003690036900369,0.672566371681416,0.6736897274633123,0.5073746312684366
789,spec_zfusion_spec649_ridge_a5_0.28,spec_zfusion_spec649_ridge_a5_0.28,0.7040590405904059,0.6666666666666666,0.6674004192872117,0.5014749262536873
789,spec_zfusion_spec649_ridge_a5_0.35,spec_zfusion_spec649_ridge_a5_0.35,0.6981549815498155,0.6607669616519174,0.660377358490566,0.4837758112094395
789,spec_zfusion_spec649_svc_c08_0.08,spec_zfusion_spec649_svc_c08_0.08,0.6981549815498155,0.6696165191740413,0.6712788259958071,0.5162241887905604
789,spec_zfusion_spec649_svc_c08_0.12,spec_zfusion_spec649_svc_c08_0.12,0.6929889298892989,0.6666666666666666,0.6681341719077568,0.5132743362831859
789,spec_zfusion_spec649_svc_c08_0.18,spec_zfusion_spec649_svc_c08_0.18,0.6878228782287823,0.6637168141592921,0.6653563941299789,0.5162241887905604
789,spec_zfusion_spec649_svc_c08_0.28,spec_zfusion_spec649_svc_c08_0.28,0.6988929889298893,0.6607669616519174,0.6618448637316562,0.5073746312684366
789,spec_zfusion_spec649_svc_c08_0.35,spec_zfusion_spec649_svc_c08_0.35,0.6900369003690037,0.6578171091445427,0.6579664570230608,0.49262536873156343
789,stack_lda,stack_lda,0.7173431734317344,0.6784660766961652,0.6755765199161425,0.4424778761061947
789,stack_log_c003,stack_log_c003,0.7062730627306273,0.6784660766961652,0.6777777777777778,0.4778761061946903
789,stack_log_c01,stack_log_c01,0.7070110701107011,0.6784660766961652,0.6774109014675052,0.471976401179941
1145,conv_fusion_net_0.10,conv_fusion_net_0.10,0.6597785977859778,0.7728613569321534,0.7685010482180293,0.41297935103244837
1145,conv_fusion_net_0.20,conv_fusion_net_0.20,0.6634686346863469,0.7699115044247787,0.7638888888888888,0.3864306784660767
1145,conv_fusion_net_0.35,conv_fusion_net_0.35,0.6693726937269373,0.7374631268436578,0.7259958071278826,0.3008849557522124
1145,conv_fusion_z_et_0.10,conv_fusion_z_et_0.10,0.6642066420664207,0.7699115044247787,0.7682914046121593,0.45722713864306785
1145,conv_fusion_z_et_0.20,conv_fusion_z_et_0.20,0.6701107011070111,0.7610619469026548,0.759958071278826,0.46607669616519176
1145,conv_fusion_z_et_0.35,conv_fusion_z_et_0.35,0.6752767527675276,0.7492625368731564,0.7488469601677148,0.4778761061946903
1145,conv_fusion_z_log_0.10,conv_fusion_z_log_0.10,0.6634686346863469,0.7699115044247787,0.7693920335429769,0.4749262536873156
1145,conv_fusion_z_log_0.20,conv_fusion_z_log_0.20,0.6634686346863469,0.7640117994100295,0.7631027253668763,0.4690265486725664
1145,conv_fusion_z_log_0.35,conv_fusion_z_log_0.35,0.6678966789667896,0.7463126843657817,0.7449685534591195,0.4631268436578171
1145,conv_fusion_z_svc_0.10,conv_fusion_z_svc_0.10,0.6642066420664207,0.7728613569321534,0.7721698113207547,0.471976401179941
1145,conv_fusion_z_svc_0.20,conv_fusion_z_svc_0.20,0.6708487084870849,0.7640117994100295,0.7627358490566037,0.4631268436578171
1145,conv_fusion_z_svc_0.35,conv_fusion_z_svc_0.35,0.6701107011070111,0.7345132743362832,0.7334905660377358,0.4690265486725664
1145,conv_fusion_zp_log_0.10,conv_fusion_zp_log_0.10,0.6634686346863469,0.7728613569321534,0.7721698113207547,0.471976401179941
1145,conv_fusion_zp_log_0.20,conv_fusion_zp_log_0.20,0.6634686346863469,0.7610619469026548,0.7603249475890985,0.471976401179941
1145,conv_fusion_zp_log_0.35,conv_fusion_zp_log_0.35,0.6686346863468635,0.7463126843657817,0.7449685534591195,0.4631268436578171
1145,conv_gate0.008,conv_gate0.008,0.6752767527675276,0.7492625368731564,0.7488469601677148,0.4778761061946903
1145,conv_gate0.012,conv_gate0.012,0.6752767527675276,0.7492625368731564,0.7488469601677148,0.4778761061946903
1145,conv_gate0.016,conv_gate0.016,0.6752767527675276,0.7492625368731564,0.7488469601677148,0.4778761061946903
1145,conv_net,conv_net,0.6361623616236163,0.6755162241887905,0.6592243186582809,0.22713864306784662
1145,conv_svc,conv_svc,0.647970479704797,0.7610619469026548,0.7588574423480083,0.44837758112094395
1145,conv_z_et,conv_z_et,0.6413284132841328,0.7197640117994101,0.720335429769392,0.49557522123893805
1145,conv_z_log,conv_z_log,0.6376383763837639,0.7050147492625368,0.7053459119496854,0.49262536873156343
1145,conv_z_svc,conv_z_svc,0.6450184501845019,0.7109144542772862,0.7112683438155136,0.49262536873156343
1145,conv_zp_log,conv_zp_log,0.6391143911439114,0.7079646017699115,0.7084905660377359,0.49557522123893805
1145,erp_erp_late_et_l8,erp_erp_late_et_l8,0.6560885608856089,0.7050147492625368,0.6994758909853249,0.39823008849557523
1145,erp_erp_late_lda,erp_erp_late_lda,0.6214022140221402,0.6666666666666666,0.6640985324947589,0.44837758112094395
1145,erp_erp_late_log_c03,erp_erp_late_log_c03,0.6317343173431734,0.6843657817109144,0.6840670859538784,0.4837758112094395
1145,erp_erp_late_log_c08,erp_erp_late_log_c08,0.6081180811808118,0.6637168141592921,0.6627882599580712,0.4749262536873156
1145,erp_erp_late_ridge_a8,erp_erp_late_ridge_a8,0.6110701107011071,0.6194690265486725,0.6185534591194968,0.4778761061946903
1145,erp_erp_late_svc_c07,erp_erp_late_svc_c07,0.6693726937269373,0.6902654867256637,0.6892557651991614,0.471976401179941
1145,oof_rank_mean12,oof_rank_mean12,0.6907749077490775,0.775811209439528,0.77458071278826,0.4631268436578171
1145,oof_rank_mean3,oof_rank_mean3,0.692250922509225,0.775811209439528,0.7753144654088051,0.4749262536873156
1145,oof_rank_mean5,oof_rank_mean5,0.6885608856088561,0.7846607669616519,0.7847484276729559,0.4837758112094395
1145,oof_rank_mean8,oof_rank_mean8,0.6915129151291513,0.7817109144542773,0.7819706498951782,0.48672566371681414
1145,oof_rank_median12,oof_rank_median12,0.6944649446494465,0.7817109144542773,0.7805031446540881,0.4631268436578171
1145,oof_rank_median3,oof_rank_median3,0.6929889298892989,0.7640117994100295,0.7645702306079665,0.49262536873156343
1145,oof_rank_median5,oof_rank_median5,0.6944649446494465,0.7728613569321534,0.7732704402515724,0.4896755162241888
1145,oof_rank_median8,oof_rank_median8,0.6959409594095941,0.775811209439528,0.7764150943396226,0.49262536873156343
1145,recipe_conv_spec_erp_mean,recipe_conv_spec_erp_mean,0.6856088560885609,0.7669616519174042,0.7669811320754718,0.4837758112094395
1145,recipe_conv_spec_erp_median,recipe_conv_spec_erp_median,0.6856088560885609,0.7669616519174042,0.7669811320754718,0.4837758112094395
1145,recipe_conv_spec_erp_zmean,recipe_conv_spec_erp_zmean,0.6863468634686347,0.7610619469026548,0.7628930817610062,0.5132743362831859
1145,recipe_four_core_mean,recipe_four_core_mean,0.6856088560885609,0.7669616519174042,0.7669811320754718,0.4837758112094395
1145,recipe_four_core_median,recipe_four_core_median,0.6856088560885609,0.7669616519174042,0.7669811320754718,0.4837758112094395
1145,recipe_four_core_zmean,recipe_four_core_zmean,0.6863468634686347,0.7610619469026548,0.7628930817610062,0.5132743362831859
1145,recipe_robust_core_mean,recipe_robust_core_mean,0.6929889298892989,0.7640117994100295,0.7645702306079665,0.49262536873156343
1145,recipe_robust_core_median,recipe_robust_core_median,0.6929889298892989,0.7640117994100295,0.7645702306079665,0.49262536873156343
1145,recipe_robust_core_zmean,recipe_robust_core_zmean,0.6892988929889299,0.7581120943952803,0.7601153039832285,0.5162241887905604
1145,spec_base,spec_base,0.6789667896678967,0.7610619469026548,0.7588574423480083,0.44837758112094395
1145,spec_fusion_spec649_gpu_0.03,spec_fusion_spec649_gpu_0.03,0.6767527675276753,0.7610619469026548,0.7581236897274632,0.4365781710914454
1145,spec_fusion_spec649_gpu_0.05,spec_fusion_spec649_gpu_0.05,0.6797047970479705,0.7610619469026548,0.7577568134171908,0.4306784660766962
1145,spec_fusion_spec649_gpu_0.08,spec_fusion_spec649_gpu_0.08,0.6797047970479705,0.7581120943952803,0.7546121593291404,0.4277286135693215
1145,spec_fusion_spec649_gpu_0.12,spec_fusion_spec649_gpu_0.12,0.6826568265682657,0.7640117994100295,0.7601677148846959,0.4218289085545723
1145,spec_fusion_spec649_gpu_0.18,spec_fusion_spec649_gpu_0.18,0.6856088560885609,0.7640117994100295,0.7601677148846959,0.4218289085545723
1145,spec_fusion_spec649_gpu_0.28,spec_fusion_spec649_gpu_0.28,0.6819188191881919,0.7345132743362832,0.7312893081761006,0.4336283185840708
1145,spec_fusion_spec649_gpu_0.35,spec_fusion_spec649_gpu_0.35,0.6686346863468635,0.7227138643067846,0.7187106918238994,0.4218289085545723
1145,spec_fusion_spec649_gpu_0.40,spec_fusion_spec649_gpu_0.40,0.6509225092250922,0.6932153392330384,0.6890985324947589,0.4218289085545723
1145,spec_fusion_spec649_log_c04_0.03,spec_fusion_spec649_log_c04_0.03,0.6811808118081181,0.7640117994100295,0.7612683438155137,0.43952802359882004
1145,spec_fusion_spec649_log_c04_0.05,spec_fusion_spec649_log_c04_0.05,0.6833948339483394,0.7640117994100295,0.7612683438155137,0.43952802359882004
1145,spec_fusion_spec649_log_c04_0.08,spec_fusion_spec649_log_c04_0.08,0.6870848708487085,0.7610619469026548,0.7584905660377359,0.4424778761061947
1145,spec_fusion_spec649_log_c04_0.12,spec_fusion_spec649_log_c04_0.12,0.6797047970479705,0.7640117994100295,0.7612683438155137,0.43952802359882004
1145,spec_fusion_spec649_log_c04_0.18,spec_fusion_spec649_log_c04_0.18,0.6782287822878229,0.775811209439528,0.7734800838574423,0.44542772861356933
1145,spec_fusion_spec649_log_c04_0.28,spec_fusion_spec649_log_c04_0.28,0.6723247232472325,0.7551622418879056,0.7525681341719077,0.4424778761061947
1145,spec_fusion_spec649_log_c04_0.35,spec_fusion_spec649_log_c04_0.35,0.6774907749077491,0.7374631268436578,0.7355345911949686,0.45427728613569324
1145,spec_fusion_spec649_log_c04_0.40,spec_fusion_spec649_log_c04_0.40,0.6693726937269373,0.7138643067846607,0.7122117400419288,0.46017699115044247
1145,spec_fusion_spec649_log_c08_0.03,spec_fusion_spec649_log_c08_0.03,0.6819188191881919,0.7669616519174042,0.7644129979035639,0.4424778761061947
1145,spec_fusion_spec649_log_c08_0.05,spec_fusion_spec649_log_c08_0.05,0.6856088560885609,0.7669616519174042,0.7644129979035639,0.4424778761061947
1145,spec_fusion_spec649_log_c08_0.08,spec_fusion_spec649_log_c08_0.08,0.6863468634686347,0.7610619469026548,0.7588574423480083,0.44837758112094395
1145,spec_fusion_spec649_log_c08_0.12,spec_fusion_spec649_log_c08_0.12,0.6819188191881919,0.7728613569321534,0.7703354297693921,0.4424778761061947
1145,spec_fusion_spec649_log_c08_0.18,spec_fusion_spec649_log_c08_0.18,0.6878228782287823,0.7817109144542773,0.7797693920335429,0.45132743362831856
1145,spec_fusion_spec649_log_c08_0.28,spec_fusion_spec649_log_c08_0.28,0.6760147601476014,0.7581120943952803,0.7560796645702306,0.45132743362831856
1145,spec_fusion_spec649_log_c08_0.35,spec_fusion_spec649_log_c08_0.35,0.6767527675276753,0.7374631268436578,0.7359014675052411,0.46017699115044247
1145,spec_fusion_spec649_log_c08_0.40,spec_fusion_spec649_log_c08_0.40,0.6649446494464945,0.7197640117994101,0.7177672955974843,0.45427728613569324
1145,spec_fusion_spec649_ridge_a5_0.03,spec_fusion_spec649_ridge_a5_0.03,0.6804428044280443,0.7610619469026548,0.7584905660377359,0.4424778761061947
1145,spec_fusion_spec649_ridge_a5_0.05,spec_fusion_spec649_ridge_a5_0.05,0.6811808118081181,0.7610619469026548,0.7581236897274632,0.4365781710914454
1145,spec_fusion_spec649_ridge_a5_0.08,spec_fusion_spec649_ridge_a5_0.08,0.6848708487084871,0.7610619469026548,0.7581236897274632,0.4365781710914454
1145,spec_fusion_spec649_ridge_a5_0.12,spec_fusion_spec649_ridge_a5_0.12,0.6863468634686347,0.7610619469026548,0.7581236897274632,0.4365781710914454
1145,spec_fusion_spec649_ridge_a5_0.18,spec_fusion_spec649_ridge_a5_0.18,0.6870848708487085,0.7699115044247787,0.7671907756813416,0.43952802359882004
1145,spec_fusion_spec649_ridge_a5_0.28,spec_fusion_spec649_ridge_a5_0.28,0.6966789667896679,0.7669616519174042,0.7647798742138365,0.44837758112094395
1145,spec_fusion_spec649_ridge_a5_0.35,spec_fusion_spec649_ridge_a5_0.35,0.6885608856088561,0.7522123893805309,0.7508909853249476,0.4631268436578171
1145,spec_fusion_spec649_ridge_a5_0.40,spec_fusion_spec649_ridge_a5_0.40,0.6797047970479705,0.7492625368731564,0.7484800838574424,0.471976401179941
1145,spec_fusion_spec649_svc_c08_0.03,spec_fusion_spec649_svc_c08_0.03,0.6789667896678967,0.7610619469026548,0.7584905660377359,0.4424778761061947
1145,spec_fusion_spec649_svc_c08_0.05,spec_fusion_spec649_svc_c08_0.05,0.6797047970479705,0.7610619469026548,0.7584905660377359,0.4424778761061947
1145,spec_fusion_spec649_svc_c08_0.08,spec_fusion_spec649_svc_c08_0.08,0.6797047970479705,0.7610619469026548,0.7584905660377359,0.4424778761061947
1145,spec_fusion_spec649_svc_c08_0.12,spec_fusion_spec649_svc_c08_0.12,0.6789667896678967,0.7610619469026548,0.7584905660377359,0.4424778761061947
1145,spec_fusion_spec649_svc_c08_0.18,spec_fusion_spec649_svc_c08_0.18,0.6789667896678967,0.7610619469026548,0.7581236897274632,0.4365781710914454
1145,spec_fusion_spec649_svc_c08_0.28,spec_fusion_spec649_svc_c08_0.28,0.6782287822878229,0.7728613569321534,0.7692348008385743,0.4247787610619469
1145,spec_fusion_spec649_svc_c08_0.35,spec_fusion_spec649_svc_c08_0.35,0.6782287822878229,0.7699115044247787,0.7660901467505241,0.4218289085545723
1145,spec_fusion_spec649_svc_c08_0.40,spec_fusion_spec649_svc_c08_0.40,0.6811808118081181,0.7728613569321534,0.7688679245283019,0.41887905604719766
1145,spec_spec649_gpu,spec_spec649_gpu,0.5594095940959409,0.5811209439528023,0.5758385744234801,0.41002949852507375
1145,spec_spec649_log_c04,spec_spec649_log_c04,0.5453874538745388,0.6047197640117994,0.6024633123689727,0.45722713864306785
1145,spec_spec649_log_c08,spec_spec649_log_c08,0.5380073800738008,0.5929203539823009,0.5928197064989518,0.49262536873156343
1145,spec_spec649_ridge_a5,spec_spec649_ridge_a5,0.5476014760147602,0.5339233038348082,0.5346960167714885,0.5103244837758112
1145,spec_spec649_svc_c08,spec_spec649_svc_c08,0.5328413284132841,0.5634218289085545,0.5415618448637317,0.14454277286135694
1145,spec_zfusion_spec649_gpu_0.08,spec_zfusion_spec649_gpu_0.08,0.6767527675276753,0.7404129793510325,0.7405136268343815,0.48672566371681414
1145,spec_zfusion_spec649_gpu_0.12,spec_zfusion_spec649_gpu_0.12,0.6767527675276753,0.7433628318584071,0.7425576519916142,0.471976401179941
1145,spec_zfusion_spec649_gpu_0.18,spec_zfusion_spec649_gpu_0.18,0.6789667896678967,0.7492625368731564,0.7492138364779874,0.4837758112094395
1145,spec_zfusion_spec649_gpu_0.28,spec_zfusion_spec649_gpu_0.28,0.6797047970479705,0.7433628318584071,0.7440251572327043,0.49557522123893805
1145,spec_zfusion_spec649_gpu_0.35,spec_zfusion_spec649_gpu_0.35,0.6782287822878229,0.7374631268436578,0.7384696016771488,0.5014749262536873
1145,spec_zfusion_spec649_log_c04_0.08,spec_zfusion_spec649_log_c04_0.08,0.6774907749077491,0.7581120943952803,0.7582809224318658,0.48672566371681414
1145,spec_zfusion_spec649_log_c04_0.12,spec_zfusion_spec649_log_c04_0.12,0.6752767527675276,0.7640117994100295,0.763469601677149,0.4749262536873156
1145,spec_zfusion_spec649_log_c04_0.18,spec_zfusion_spec649_log_c04_0.18,0.6767527675276753,0.7551622418879056,0.7555031446540881,0.4896755162241888
1145,spec_zfusion_spec649_log_c04_0.28,spec_zfusion_spec649_log_c04_0.28,0.6826568265682657,0.7463126843657817,0.7475366876310272,0.504424778761062
1145,spec_zfusion_spec649_log_c04_0.35,spec_zfusion_spec649_log_c04_0.35,0.6804428044280443,0.7404129793510325,0.7416142557651992,0.504424778761062
1145,spec_zfusion_spec649_log_c08_0.08,spec_zfusion_spec649_log_c08_0.08,0.6774907749077491,0.7551622418879056,0.7558700209643606,0.49557522123893805
1145,spec_zfusion_spec649_log_c08_0.12,spec_zfusion_spec649_log_c08_0.12,0.6767527675276753,0.7699115044247787,0.7697589098532496,0.4808259587020649
1145,spec_zfusion_spec649_log_c08_0.18,spec_zfusion_spec649_log_c08_0.18,0.6774907749077491,0.7551622418879056,0.7558700209643606,0.49557522123893805
1145,spec_zfusion_spec649_log_c08_0.28,spec_zfusion_spec649_log_c08_0.28,0.6856088560885609,0.7463126843657817,0.7479035639412999,0.5103244837758112
1145,spec_zfusion_spec649_log_c08_0.35,spec_zfusion_spec649_log_c08_0.35,0.6819188191881919,0.7463126843657817,0.7475366876310272,0.504424778761062
1145,spec_zfusion_spec649_ridge_a5_0.08,spec_zfusion_spec649_ridge_a5_0.08,0.6767527675276753,0.7551622418879056,0.7558700209643606,0.49557522123893805
1145,spec_zfusion_spec649_ridge_a5_0.12,spec_zfusion_spec649_ridge_a5_0.12,0.6811808118081181,0.7640117994100295,0.7645702306079665,0.49262536873156343
1145,spec_zfusion_spec649_ridge_a5_0.18,spec_zfusion_spec649_ridge_a5_0.18,0.6782287822878229,0.7522123893805309,0.7538259958071278,0.5103244837758112
1145,spec_zfusion_spec649_ridge_a5_0.28,spec_zfusion_spec649_ridge_a5_0.28,0.6863468634686347,0.7492625368731564,0.7517819706498952,0.5250737463126843
1145,spec_zfusion_spec649_ridge_a5_0.35,spec_zfusion_spec649_ridge_a5_0.35,0.6841328413284132,0.7345132743362832,0.7364255765199161,0.5162241887905604
1145,spec_zfusion_spec649_svc_c08_0.08,spec_zfusion_spec649_svc_c08_0.08,0.6730627306273063,0.7286135693215339,0.7286687631027253,0.48672566371681414
1145,spec_zfusion_spec649_svc_c08_0.12,spec_zfusion_spec649_svc_c08_0.12,0.67380073800738,0.7286135693215339,0.7290356394129979,0.49262536873156343
1145,spec_zfusion_spec649_svc_c08_0.18,spec_zfusion_spec649_svc_c08_0.18,0.6715867158671587,0.7227138643067846,0.7231132075471698,0.49262536873156343
1145,spec_zfusion_spec649_svc_c08_0.28,spec_zfusion_spec649_svc_c08_0.28,0.6575645756457564,0.7197640117994101,0.720335429769392,0.49557522123893805
1145,spec_zfusion_spec649_svc_c08_0.35,spec_zfusion_spec649_svc_c08_0.35,0.6553505535055351,0.7227138643067846,0.7234800838574423,0.49852507374631266
1145,stack_lda,stack_lda,0.6789667896678967,0.7728613569321534,0.7699685534591194,0.4365781710914454
1145,stack_log_c003,stack_log_c003,0.6900369003690037,0.7817109144542773,0.7819706498951782,0.48672566371681414
1145,stack_log_c01,stack_log_c01,0.6900369003690037,0.7728613569321534,0.7729035639412998,0.4837758112094395
2835396,conv_fusion_net_0.10,conv_fusion_net_0.10,0.6848708487084871,0.7433628318584071,0.7392557651991614,0.41887905604719766
2835396,conv_fusion_net_0.20,conv_fusion_net_0.20,0.6878228782287823,0.7581120943952803,0.7535115303983229,0.41002949852507375
2835396,conv_fusion_net_0.35,conv_fusion_net_0.35,0.6767527675276753,0.7610619469026548,0.7526205450733752,0.3480825958702065
2835396,conv_fusion_z_et_0.10,conv_fusion_z_et_0.10,0.692250922509225,0.7463126843657817,0.7438679245283019,0.44542772861356933
2835396,conv_fusion_z_et_0.20,conv_fusion_z_et_0.20,0.6944649446494465,0.7551622418879056,0.7536687631027253,0.46017699115044247
2835396,conv_fusion_z_et_0.35,conv_fusion_z_et_0.35,0.6937269372693727,0.7522123893805309,0.7497903563941299,0.44542772861356933
2835396,conv_fusion_z_log_0.10,conv_fusion_z_log_0.10,0.6870848708487085,0.7404129793510325,0.7383123689727463,0.45132743362831856
2835396,conv_fusion_z_log_0.20,conv_fusion_z_log_0.20,0.6974169741697417,0.7345132743362832,0.7338574423480084,0.4749262536873156
2835396,conv_fusion_z_log_0.35,conv_fusion_z_log_0.35,0.6863468634686347,0.7315634218289085,0.730712788259958,0.471976401179941
2835396,conv_fusion_z_svc_0.10,conv_fusion_z_svc_0.10,0.6900369003690037,0.7404129793510325,0.7379454926624738,0.44542772861356933
2835396,conv_fusion_z_svc_0.20,conv_fusion_z_svc_0.20,0.6981549815498155,0.7315634218289085,0.730712788259958,0.471976401179941
2835396,conv_fusion_z_svc_0.35,conv_fusion_z_svc_0.35,0.6907749077490775,0.7315634218289085,0.7299790356394129,0.46017699115044247
2835396,conv_fusion_zp_log_0.10,conv_fusion_zp_log_0.10,0.6863468634686347,0.7404129793510325,0.7383123689727463,0.45132743362831856
2835396,conv_fusion_zp_log_0.20,conv_fusion_zp_log_0.20,0.6966789667896679,0.7345132743362832,0.7338574423480084,0.4749262536873156
2835396,conv_fusion_zp_log_0.35,conv_fusion_zp_log_0.35,0.6892988929889299,0.7345132743362832,0.7334905660377358,0.4690265486725664
2835396,conv_gate0.008,conv_gate0.008,0.6981549815498155,0.7315634218289085,0.730712788259958,0.471976401179941
2835396,conv_gate0.012,conv_gate0.012,0.6981549815498155,0.7315634218289085,0.730712788259958,0.471976401179941
2835396,conv_gate0.016,conv_gate0.016,0.6981549815498155,0.7315634218289085,0.730712788259958,0.471976401179941
2835396,conv_net,conv_net,0.6605166051660517,0.7079646017699115,0.6956498951781971,0.2890855457227139
2835396,conv_svc,conv_svc,0.6774907749077491,0.7315634218289085,0.7296121593291405,0.45427728613569324
2835396,conv_z_et,conv_z_et,0.666420664206642,0.7109144542772862,0.7098008385744234,0.4690265486725664
2835396,conv_z_log,conv_z_log,0.6619926199261993,0.7050147492625368,0.7053459119496854,0.49262536873156343
2835396,conv_z_svc,conv_z_svc,0.6619926199261993,0.7138643067846607,0.7129454926624738,0.471976401179941
2835396,conv_zp_log,conv_zp_log,0.6619926199261993,0.7050147492625368,0.704979035639413,0.48672566371681414
2835396,erp_erp_late_et_l8,erp_erp_late_et_l8,0.6693726937269373,0.6873156342182891,0.6817085953878407,0.39823008849557523
2835396,erp_erp_late_lda,erp_erp_late_lda,0.614760147601476,0.672566371681416,0.6696540880503145,0.4424778761061947
2835396,erp_erp_late_log_c03,erp_erp_late_log_c03,0.6169741697416974,0.6843657817109144,0.6855345911949685,0.5073746312684366
2835396,erp_erp_late_log_c08,erp_erp_late_log_c08,0.6169741697416974,0.6755162241887905,0.6768343815513627,0.5103244837758112
2835396,erp_erp_late_ridge_a8,erp_erp_late_ridge_a8,0.6014760147601476,0.640117994100295,0.6390985324947589,0.4749262536873156
2835396,erp_erp_late_svc_c07,erp_erp_late_svc_c07,0.6560885608856089,0.696165191740413,0.6933438155136269,0.4424778761061947
2835396,oof_rank_mean12,oof_rank_mean12,0.6988929889298893,0.7404129793510325,0.739412997903564,0.4690265486725664
2835396,oof_rank_mean3,oof_rank_mean3,0.6996309963099631,0.7374631268436578,0.7366352201257862,0.471976401179941
2835396,oof_rank_mean5,oof_rank_mean5,0.7018450184501845,0.7374631268436578,0.7362683438155135,0.46607669616519176
2835396,oof_rank_mean8,oof_rank_mean8,0.6988929889298893,0.7345132743362832,0.7334905660377358,0.4690265486725664
2835396,oof_rank_median12,oof_rank_median12,0.7011070110701108,0.7374631268436578,0.7362683438155135,0.46607669616519176
2835396,oof_rank_median3,oof_rank_median3,0.7003690036900369,0.7404129793510325,0.739412997903564,0.4690265486725664
2835396,oof_rank_median5,oof_rank_median5,0.7003690036900369,0.7345132743362832,0.7334905660377358,0.4690265486725664
2835396,oof_rank_median8,oof_rank_median8,0.7003690036900369,0.7345132743362832,0.7334905660377358,0.4690265486725664
2835396,recipe_conv_spec_erp_mean,recipe_conv_spec_erp_mean,0.7003690036900369,0.7345132743362832,0.7334905660377358,0.4690265486725664
2835396,recipe_conv_spec_erp_median,recipe_conv_spec_erp_median,0.7003690036900369,0.7345132743362832,0.7334905660377358,0.4690265486725664
2835396,recipe_conv_spec_erp_zmean,recipe_conv_spec_erp_zmean,0.6981549815498155,0.7315634218289085,0.7318134171907756,0.4896755162241888
2835396,recipe_four_core_mean,recipe_four_core_mean,0.7003690036900369,0.7345132743362832,0.7334905660377358,0.4690265486725664
2835396,recipe_four_core_median,recipe_four_core_median,0.7003690036900369,0.7345132743362832,0.7334905660377358,0.4690265486725664
2835396,recipe_four_core_zmean,recipe_four_core_zmean,0.6981549815498155,0.7315634218289085,0.7318134171907756,0.4896755162241888
2835396,recipe_robust_core_mean,recipe_robust_core_mean,0.7003690036900369,0.7404129793510325,0.739412997903564,0.4690265486725664
2835396,recipe_robust_core_median,recipe_robust_core_median,0.7003690036900369,0.7404129793510325,0.739412997903564,0.4690265486725664
2835396,recipe_robust_core_zmean,recipe_robust_core_zmean,0.6944649446494465,0.7227138643067846,0.7231132075471698,0.49262536873156343
2835396,spec_base,spec_base,0.6774907749077491,0.7315634218289085,0.7296121593291405,0.45427728613569324
2835396,spec_fusion_spec649_gpu_0.03,spec_fusion_spec649_gpu_0.03,0.6789667896678967,0.7315634218289085,0.7288784067085954,0.4424778761061947
2835396,spec_fusion_spec649_gpu_0.05,spec_fusion_spec649_gpu_0.05,0.6782287822878229,0.7315634218289085,0.7285115303983228,0.4365781710914454
2835396,spec_fusion_spec649_gpu_0.08,spec_fusion_spec649_gpu_0.08,0.6745387453874538,0.7315634218289085,0.7281446540880503,0.4306784660766962
2835396,spec_fusion_spec649_gpu_0.12,spec_fusion_spec649_gpu_0.12,0.6723247232472325,0.7286135693215339,0.7246331236897274,0.4218289085545723
2835396,spec_fusion_spec649_gpu_0.18,spec_fusion_spec649_gpu_0.18,0.6730627306273063,0.7197640117994101,0.7162997903563941,0.4306784660766962
2835396,spec_fusion_spec649_gpu_0.28,spec_fusion_spec649_gpu_0.28,0.6619926199261993,0.7345132743362832,0.7327568134171907,0.45722713864306785
2835396,spec_fusion_spec649_gpu_0.35,spec_fusion_spec649_gpu_0.35,0.6523985239852399,0.7197640117994101,0.7177672955974843,0.45427728613569324
2835396,spec_fusion_spec649_gpu_0.40,spec_fusion_spec649_gpu_0.40,0.6287822878228783,0.7020648967551623,0.6996331236897275,0.44837758112094395
2835396,spec_fusion_spec649_log_c04_0.03,spec_fusion_spec649_log_c04_0.03,0.6774907749077491,0.7286135693215339,0.7261006289308176,0.44542772861356933
2835396,spec_fusion_spec649_log_c04_0.05,spec_fusion_spec649_log_c04_0.05,0.6782287822878229,0.7286135693215339,0.7261006289308176,0.44542772861356933
2835396,spec_fusion_spec649_log_c04_0.08,spec_fusion_spec649_log_c04_0.08,0.6774907749077491,0.7286135693215339,0.7257337526205451,0.43952802359882004
2835396,spec_fusion_spec649_log_c04_0.12,spec_fusion_spec649_log_c04_0.12,0.6752767527675276,0.7286135693215339,0.7257337526205451,0.43952802359882004
2835396,spec_fusion_spec649_log_c04_0.18,spec_fusion_spec649_log_c04_0.18,0.6774907749077491,0.7315634218289085,0.7285115303983228,0.4365781710914454
2835396,spec_fusion_spec649_log_c04_0.28,spec_fusion_spec649_log_c04_0.28,0.6708487084870849,0.7374631268436578,0.7355345911949686,0.45427728613569324
2835396,spec_fusion_spec649_log_c04_0.35,spec_fusion_spec649_log_c04_0.35,0.6627306273062731,0.7463126843657817,0.7453354297693919,0.4690265486725664
2835396,spec_fusion_spec649_log_c04_0.40,spec_fusion_spec649_log_c04_0.40,0.6597785977859778,0.7374631268436578,0.7373689727463313,0.4837758112094395
2835396,spec_fusion_spec649_log_c08_0.03,spec_fusion_spec649_log_c08_0.03,0.6797047970479705,0.7286135693215339,0.7261006289308176,0.44542772861356933
2835396,spec_fusion_spec649_log_c08_0.05,spec_fusion_spec649_log_c08_0.05,0.6797047970479705,0.7286135693215339,0.7261006289308176,0.44542772861356933
2835396,spec_fusion_spec649_log_c08_0.08,spec_fusion_spec649_log_c08_0.08,0.6774907749077491,0.7256637168141593,0.7225890985324948,0.4365781710914454
2835396,spec_fusion_spec649_log_c08_0.12,spec_fusion_spec649_log_c08_0.12,0.6797047970479705,0.7286135693215339,0.7257337526205451,0.43952802359882004
2835396,spec_fusion_spec649_log_c08_0.18,spec_fusion_spec649_log_c08_0.18,0.6760147601476014,0.7286135693215339,0.7261006289308176,0.44542772861356933
2835396,spec_fusion_spec649_log_c08_0.28,spec_fusion_spec649_log_c08_0.28,0.6693726937269373,0.7463126843657817,0.744601677148847,0.45722713864306785
2835396,spec_fusion_spec649_log_c08_0.35,spec_fusion_spec649_log_c08_0.35,0.666420664206642,0.7374631268436578,0.7366352201257862,0.471976401179941
2835396,spec_fusion_spec649_log_c08_0.40,spec_fusion_spec649_log_c08_0.40,0.6627306273062731,0.7286135693215339,0.7286687631027253,0.48672566371681414
2835396,spec_fusion_spec649_ridge_a5_0.03,spec_fusion_spec649_ridge_a5_0.03,0.6789667896678967,0.7315634218289085,0.7292452830188679,0.44837758112094395
2835396,spec_fusion_spec649_ridge_a5_0.05,spec_fusion_spec649_ridge_a5_0.05,0.6797047970479705,0.7315634218289085,0.7292452830188679,0.44837758112094395
2835396,spec_fusion_spec649_ridge_a5_0.08,spec_fusion_spec649_ridge_a5_0.08,0.6789667896678967,0.7315634218289085,0.7292452830188679,0.44837758112094395
2835396,spec_fusion_spec649_ridge_a5_0.12,spec_fusion_spec649_ridge_a5_0.12,0.6767527675276753,0.7256637168141593,0.7233228511530398,0.44837758112094395
2835396,spec_fusion_spec649_ridge_a5_0.18,spec_fusion_spec649_ridge_a5_0.18,0.67380073800738,0.7256637168141593,0.7233228511530398,0.44837758112094395
2835396,spec_fusion_spec649_ridge_a5_0.28,spec_fusion_spec649_ridge_a5_0.28,0.6723247232472325,0.7286135693215339,0.72646750524109,0.45132743362831856
2835396,spec_fusion_spec649_ridge_a5_0.35,spec_fusion_spec649_ridge_a5_0.35,0.666420664206642,0.7315634218289085,0.7292452830188679,0.44837758112094395
2835396,spec_fusion_spec649_ridge_a5_0.40,spec_fusion_spec649_ridge_a5_0.40,0.6693726937269373,0.7374631268436578,0.735167714884696,0.44837758112094395
2835396,spec_fusion_spec649_svc_c08_0.03,spec_fusion_spec649_svc_c08_0.03,0.6774907749077491,0.7374631268436578,0.7348008385744235,0.4424778761061947
2835396,spec_fusion_spec649_svc_c08_0.05,spec_fusion_spec649_svc_c08_0.05,0.6774907749077491,0.7374631268436578,0.7348008385744235,0.4424778761061947
2835396,spec_fusion_spec649_svc_c08_0.08,spec_fusion_spec649_svc_c08_0.08,0.6782287822878229,0.7345132743362832,0.7316561844863732,0.43952802359882004
2835396,spec_fusion_spec649_svc_c08_0.12,spec_fusion_spec649_svc_c08_0.12,0.6782287822878229,0.7345132743362832,0.7316561844863732,0.43952802359882004
2835396,spec_fusion_spec649_svc_c08_0.18,spec_fusion_spec649_svc_c08_0.18,0.6782287822878229,0.7345132743362832,0.7316561844863732,0.43952802359882004
2835396,spec_fusion_spec649_svc_c08_0.28,spec_fusion_spec649_svc_c08_0.28,0.6752767527675276,0.7286135693215339,0.725,0.4277286135693215
2835396,spec_fusion_spec649_svc_c08_0.35,spec_fusion_spec649_svc_c08_0.35,0.6760147601476014,0.7315634218289085,0.7277777777777777,0.4247787610619469
2835396,spec_fusion_spec649_svc_c08_0.40,spec_fusion_spec649_svc_c08_0.40,0.67380073800738,0.7433628318584071,0.7388888888888889,0.41297935103244837
2835396,spec_spec649_gpu,spec_spec649_gpu,0.5549815498154982,0.5693215339233039,0.5658280922431866,0.43952802359882004
2835396,spec_spec649_log_c04,spec_spec649_log_c04,0.5527675276752767,0.5811209439528023,0.5820754716981131,0.5103244837758112
2835396,spec_spec649_log_c08,spec_spec649_log_c08,0.5424354243542435,0.5575221238938053,0.5580188679245284,0.504424778761062
2835396,spec_spec649_ridge_a5,spec_spec649_ridge_a5,0.5239852398523985,0.5575221238938053,0.5576519916142557,0.49852507374631266
2835396,spec_spec649_svc_c08,spec_spec649_svc_c08,0.5387453874538746,0.5457227138643068,0.5212264150943396,0.10324483775811209
2835396,spec_zfusion_spec649_gpu_0.08,spec_zfusion_spec649_gpu_0.08,0.6752767527675276,0.7227138643067846,0.7242138364779873,0.5103244837758112
2835396,spec_zfusion_spec649_gpu_0.12,spec_zfusion_spec649_gpu_0.12,0.6745387453874538,0.7256637168141593,0.7269916142557652,0.5073746312684366
2835396,spec_zfusion_spec649_gpu_0.18,spec_zfusion_spec649_gpu_0.18,0.6752767527675276,0.7286135693215339,0.7294025157232704,0.49852507374631266
2835396,spec_zfusion_spec649_gpu_0.28,spec_zfusion_spec649_gpu_0.28,0.6774907749077491,0.7286135693215339,0.7301362683438155,0.5103244837758112
2835396,spec_zfusion_spec649_gpu_0.35,spec_zfusion_spec649_gpu_0.35,0.6723247232472325,0.7256637168141593,0.7262578616352201,0.49557522123893805
2835396,spec_zfusion_spec649_log_c04_0.08,spec_zfusion_spec649_log_c04_0.08,0.6782287822878229,0.7256637168141593,0.7269916142557652,0.5073746312684366
2835396,spec_zfusion_spec649_log_c04_0.12,spec_zfusion_spec649_log_c04_0.12,0.6767527675276753,0.7197640117994101,0.7210691823899371,0.5073746312684366
2835396,spec_zfusion_spec649_log_c04_0.18,spec_zfusion_spec649_log_c04_0.18,0.6708487084870849,0.7345132743362832,0.7353249475890985,0.49852507374631266
2835396,spec_zfusion_spec649_log_c04_0.28,spec_zfusion_spec649_log_c04_0.28,0.6605166051660517,0.7345132743362832,0.735691823899371,0.504424778761062
2835396,spec_zfusion_spec649_log_c04_0.35,spec_zfusion_spec649_log_c04_0.35,0.659040590405904,0.7168141592920354,0.7190251572327044,0.5221238938053098
2835396,spec_zfusion_spec649_log_c08_0.08,spec_zfusion_spec649_log_c08_0.08,0.6774907749077491,0.7197640117994101,0.7214360587002095,0.5132743362831859
2835396,spec_zfusion_spec649_log_c08_0.12,spec_zfusion_spec649_log_c08_0.12,0.6767527675276753,0.7256637168141593,0.7273584905660377,0.5132743362831859
2835396,spec_zfusion_spec649_log_c08_0.18,spec_zfusion_spec649_log_c08_0.18,0.6730627306273063,0.7345132743362832,0.7353249475890985,0.49852507374631266
2835396,spec_zfusion_spec649_log_c08_0.28,spec_zfusion_spec649_log_c08_0.28,0.6649446494464945,0.7315634218289085,0.7329140461215933,0.5073746312684366
2835396,spec_zfusion_spec649_log_c08_0.35,spec_zfusion_spec649_log_c08_0.35,0.6583025830258302,0.7168141592920354,0.7182914046121593,0.5103244837758112
2835396,spec_zfusion_spec649_ridge_a5_0.08,spec_zfusion_spec649_ridge_a5_0.08,0.67380073800738,0.7168141592920354,0.7186582809224318,0.5162241887905604
2835396,spec_zfusion_spec649_ridge_a5_0.12,spec_zfusion_spec649_ridge_a5_0.12,0.6774907749077491,0.7197640117994101,0.7218029350104822,0.5191740412979351
2835396,spec_zfusion_spec649_ridge_a5_0.18,spec_zfusion_spec649_ridge_a5_0.18,0.6723247232472325,0.7227138643067846,0.7242138364779873,0.5103244837758112
2835396,spec_zfusion_spec649_ridge_a5_0.28,spec_zfusion_spec649_ridge_a5_0.28,0.6767527675276753,0.7286135693215339,0.729769392033543,0.504424778761062
2835396,spec_zfusion_spec649_ridge_a5_0.35,spec_zfusion_spec649_ridge_a5_0.35,0.6649446494464945,0.7197640117994101,0.7214360587002095,0.5132743362831859
2835396,spec_zfusion_spec649_svc_c08_0.08,spec_zfusion_spec649_svc_c08_0.08,0.6678966789667896,0.7138643067846607,0.7147798742138365,0.5014749262536873
2835396,spec_zfusion_spec649_svc_c08_0.12,spec_zfusion_spec649_svc_c08_0.12,0.6671586715867158,0.7138643067846607,0.7144129979035639,0.49557522123893805
2835396,spec_zfusion_spec649_svc_c08_0.18,spec_zfusion_spec649_svc_c08_0.18,0.6605166051660517,0.7197640117994101,0.720335429769392,0.49557522123893805
2835396,spec_zfusion_spec649_svc_c08_0.28,spec_zfusion_spec649_svc_c08_0.28,0.6538745387453875,0.7256637168141593,0.7262578616352201,0.49557522123893805
2835396,spec_zfusion_spec649_svc_c08_0.35,spec_zfusion_spec649_svc_c08_0.35,0.6494464944649446,0.7256637168141593,0.7266247379454926,0.5014749262536873
2835396,stack_lda,stack_lda,0.692250922509225,0.7522123893805309,0.7486897274633124,0.4277286135693215
2835396,stack_log_c003,stack_log_c003,0.6937269372693727,0.7433628318584071,0.7425576519916142,0.471976401179941
2835396,stack_log_c01,stack_log_c01,0.6885608856088561,0.7463126843657817,0.744601677148847,0.45722713864306785
18695,conv_fusion_net_0.10,conv_fusion_net_0.10,0.6856088560885609,0.7227138643067846,0.7194444444444444,0.4336283185840708
18695,conv_fusion_net_0.20,conv_fusion_net_0.20,0.6907749077490775,0.7168141592920354,0.710587002096436,0.3864306784660767
18695,conv_fusion_net_0.35,conv_fusion_net_0.35,0.6981549815498155,0.6991150442477876,0.689517819706499,0.3333333333333333
18695,conv_fusion_z_et_0.10,conv_fusion_z_et_0.10,0.6745387453874538,0.7227138643067846,0.7212788259958072,0.4631268436578171
18695,conv_fusion_z_et_0.20,conv_fusion_z_et_0.20,0.6811808118081181,0.7227138643067846,0.7201781970649894,0.44542772861356933
18695,conv_fusion_z_et_0.35,conv_fusion_z_et_0.35,0.6856088560885609,0.7050147492625368,0.7013102725366875,0.4277286135693215
18695,conv_fusion_z_log_0.10,conv_fusion_z_log_0.10,0.6745387453874538,0.7256637168141593,0.7233228511530398,0.44837758112094395
18695,conv_fusion_z_log_0.20,conv_fusion_z_log_0.20,0.6767527675276753,0.7227138643067846,0.7194444444444444,0.4336283185840708
18695,conv_fusion_z_log_0.35,conv_fusion_z_log_0.35,0.6819188191881919,0.7227138643067846,0.7176100628930817,0.40412979351032446
18695,conv_fusion_z_svc_0.10,conv_fusion_z_svc_0.10,0.6752767527675276,0.7256637168141593,0.7233228511530398,0.44837758112094395
18695,conv_fusion_z_svc_0.20,conv_fusion_z_svc_0.20,0.67380073800738,0.7315634218289085,0.7274109014675052,0.41887905604719766
18695,conv_fusion_z_svc_0.35,conv_fusion_z_svc_0.35,0.6811808118081181,0.7138643067846607,0.7089098532494759,0.40707964601769914
18695,conv_fusion_zp_log_0.10,conv_fusion_zp_log_0.10,0.6745387453874538,0.7256637168141593,0.7233228511530398,0.44837758112094395
18695,conv_fusion_zp_log_0.20,conv_fusion_zp_log_0.20,0.6752767527675276,0.7227138643067846,0.7194444444444444,0.4336283185840708
18695,conv_fusion_zp_log_0.35,conv_fusion_zp_log_0.35,0.6819188191881919,0.7197640117994101,0.7144654088050315,0.40117994100294985
18695,conv_gate0.008,conv_gate0.008,0.6981549815498155,0.6991150442477876,0.689517819706499,0.3333333333333333
18695,conv_gate0.012,conv_gate0.012,0.6981549815498155,0.6991150442477876,0.689517819706499,0.3333333333333333
18695,conv_gate0.016,conv_gate0.016,0.6981549815498155,0.6991150442477876,0.689517819706499,0.3333333333333333
18695,conv_net,conv_net,0.6523985239852399,0.6519174041297935,0.6403039832285116,0.30383480825958703
18695,conv_svc,conv_svc,0.6649446494464945,0.6991150442477876,0.6986897274633124,0.4808259587020649
18695,conv_z_et,conv_z_et,0.6634686346863469,0.6607669616519174,0.654874213836478,0.3952802359882006
18695,conv_z_log,conv_z_log,0.6583025830258302,0.6814159292035398,0.67541928721174,0.39233038348082594
18695,conv_z_svc,conv_z_svc,0.6575645756457564,0.6814159292035398,0.67541928721174,0.39233038348082594
18695,conv_zp_log,conv_zp_log,0.6612546125461255,0.6843657817109144,0.6781970649895178,0.3893805309734513
18695,erp_erp_late_et_l8,erp_erp_late_et_l8,0.666420664206642,0.7020648967551623,0.6959643605870021,0.3893805309734513
18695,erp_erp_late_lda,erp_erp_late_lda,0.633210332103321,0.6548672566371682,0.6529874213836477,0.46017699115044247
18695,erp_erp_late_log_c03,erp_erp_late_log_c03,0.6428044280442804,0.672566371681416,0.6729559748427673,0.49557522123893805
18695,erp_erp_late_log_c08,erp_erp_late_log_c08,0.6273062730627307,0.6696165191740413,0.6698113207547169,0.49262536873156343
18695,erp_erp_late_ridge_a8,erp_erp_late_ridge_a8,0.6154981549815498,0.6106194690265486,0.6102201257861635,0.48672566371681414
18695,erp_erp_late_svc_c07,erp_erp_late_svc_c07,0.6583025830258302,0.6666666666666666,0.6666666666666666,0.4896755162241888
18695,oof_rank_mean12,oof_rank_mean12,0.7077490774907749,0.7197640117994101,0.7133647798742138,0.3834808259587021
18695,oof_rank_mean3,oof_rank_mean3,0.7062730627306273,0.7197640117994101,0.7137316561844864,0.3893805309734513
18695,oof_rank_mean5,oof_rank_mean5,0.7077490774907749,0.7197640117994101,0.7140985324947589,0.3952802359882006
18695,oof_rank_mean8,oof_rank_mean8,0.7033210332103321,0.7197640117994101,0.7133647798742138,0.3834808259587021
18695,oof_rank_median12,oof_rank_median12,0.7047970479704797,0.7256637168141593,0.7196540880503144,0.3893805309734513
18695,oof_rank_median3,oof_rank_median3,0.7055350553505535,0.7227138643067846,0.7168763102725366,0.39233038348082594
18695,oof_rank_median5,oof_rank_median5,0.7033210332103321,0.7286135693215339,0.7231656184486372,0.39823008849557523
18695,oof_rank_median8,oof_rank_median8,0.7055350553505535,0.7256637168141593,0.720020964360587,0.3952802359882006
18695,recipe_conv_spec_erp_mean,recipe_conv_spec_erp_mean,0.7033210332103321,0.7286135693215339,0.7231656184486372,0.39823008849557523
18695,recipe_conv_spec_erp_median,recipe_conv_spec_erp_median,0.7033210332103321,0.7286135693215339,0.7231656184486372,0.39823008849557523
18695,recipe_conv_spec_erp_zmean,recipe_conv_spec_erp_zmean,0.6937269372693727,0.7109144542772862,0.714203354297694,0.5398230088495575
18695,recipe_four_core_mean,recipe_four_core_mean,0.7033210332103321,0.7286135693215339,0.7231656184486372,0.39823008849557523
18695,recipe_four_core_median,recipe_four_core_median,0.7033210332103321,0.7286135693215339,0.7231656184486372,0.39823008849557523
18695,recipe_four_core_zmean,recipe_four_core_zmean,0.6937269372693727,0.7109144542772862,0.714203354297694,0.5398230088495575
18695,recipe_robust_core_mean,recipe_robust_core_mean,0.7055350553505535,0.7227138643067846,0.7168763102725366,0.39233038348082594
18695,recipe_robust_core_median,recipe_robust_core_median,0.7055350553505535,0.7227138643067846,0.7168763102725366,0.39233038348082594
18695,recipe_robust_core_zmean,recipe_robust_core_zmean,0.6907749077490775,0.7168141592920354,0.7197589098532495,0.5339233038348082
18695,spec_base,spec_base,0.6907749077490775,0.6991150442477876,0.6986897274633124,0.4808259587020649
18695,spec_fusion_spec649_gpu_0.03,spec_fusion_spec649_gpu_0.03,0.6929889298892989,0.7079646017699115,0.7073899371069182,0.4778761061946903
18695,spec_fusion_spec649_gpu_0.05,spec_fusion_spec649_gpu_0.05,0.6907749077490775,0.7020648967551623,0.7014675052410901,0.4778761061946903
18695,spec_fusion_spec649_gpu_0.08,spec_fusion_spec649_gpu_0.08,0.6856088560885609,0.7050147492625368,0.7042452830188679,0.4749262536873156
18695,spec_fusion_spec649_gpu_0.12,spec_fusion_spec649_gpu_0.12,0.6848708487084871,0.7109144542772862,0.710167714884696,0.4749262536873156
18695,spec_fusion_spec649_gpu_0.18,spec_fusion_spec649_gpu_0.18,0.6841328413284132,0.7138643067846607,0.7118448637316561,0.45427728613569324
18695,spec_fusion_spec649_gpu_0.28,spec_fusion_spec649_gpu_0.28,0.6760147601476014,0.7079646017699115,0.704454926624738,0.4306784660766962
18695,spec_fusion_spec649_gpu_0.35,spec_fusion_spec649_gpu_0.35,0.6516605166051661,0.7050147492625368,0.7013102725366875,0.4277286135693215
18695,spec_fusion_spec649_gpu_0.40,spec_fusion_spec649_gpu_0.40,0.629520295202952,0.6991150442477876,0.695754716981132,0.4336283185840708
18695,spec_fusion_spec649_log_c04_0.03,spec_fusion_spec649_log_c04_0.03,0.6944649446494465,0.7050147492625368,0.7046121593291405,0.4808259587020649
18695,spec_fusion_spec649_log_c04_0.05,spec_fusion_spec649_log_c04_0.05,0.6959409594095941,0.7079646017699115,0.7073899371069182,0.4778761061946903
18695,spec_fusion_spec649_log_c04_0.08,spec_fusion_spec649_log_c04_0.08,0.6937269372693727,0.7020648967551623,0.7014675052410901,0.4778761061946903
18695,spec_fusion_spec649_log_c04_0.12,spec_fusion_spec649_log_c04_0.12,0.6907749077490775,0.7079646017699115,0.7066561844863731,0.46607669616519176
18695,spec_fusion_spec649_log_c04_0.18,spec_fusion_spec649_log_c04_0.18,0.6900369003690037,0.7109144542772862,0.7087002096436059,0.45132743362831856
18695,spec_fusion_spec649_log_c04_0.28,spec_fusion_spec649_log_c04_0.28,0.6870848708487085,0.7109144542772862,0.7083333333333333,0.44542772861356933
18695,spec_fusion_spec649_log_c04_0.35,spec_fusion_spec649_log_c04_0.35,0.6789667896678967,0.7138643067846607,0.711111111111111,0.4424778761061947
18695,spec_fusion_spec649_log_c04_0.40,spec_fusion_spec649_log_c04_0.40,0.6671586715867158,0.7109144542772862,0.7083333333333333,0.44542772861356933
18695,spec_fusion_spec649_log_c08_0.03,spec_fusion_spec649_log_c08_0.03,0.6929889298892989,0.7050147492625368,0.7046121593291405,0.4808259587020649
18695,spec_fusion_spec649_log_c08_0.05,spec_fusion_spec649_log_c08_0.05,0.6929889298892989,0.7079646017699115,0.7073899371069182,0.4778761061946903
18695,spec_fusion_spec649_log_c08_0.08,spec_fusion_spec649_log_c08_0.08,0.6900369003690037,0.7079646017699115,0.7066561844863731,0.46607669616519176
18695,spec_fusion_spec649_log_c08_0.12,spec_fusion_spec649_log_c08_0.12,0.6892988929889299,0.7079646017699115,0.7066561844863731,0.46607669616519176
18695,spec_fusion_spec649_log_c08_0.18,spec_fusion_spec649_log_c08_0.18,0.6848708487084871,0.7168141592920354,0.7146226415094339,0.45132743362831856
18695,spec_fusion_spec649_log_c08_0.28,spec_fusion_spec649_log_c08_0.28,0.6848708487084871,0.7138643067846607,0.711111111111111,0.4424778761061947
18695,spec_fusion_spec649_log_c08_0.35,spec_fusion_spec649_log_c08_0.35,0.6715867158671587,0.7197640117994101,0.7170335429769392,0.4424778761061947
18695,spec_fusion_spec649_log_c08_0.40,spec_fusion_spec649_log_c08_0.40,0.6634686346863469,0.6991150442477876,0.6968553459119496,0.45132743362831856
18695,spec_fusion_spec649_ridge_a5_0.03,spec_fusion_spec649_ridge_a5_0.03,0.6892988929889299,0.7050147492625368,0.7042452830188679,0.4749262536873156
18695,spec_fusion_spec649_ridge_a5_0.05,spec_fusion_spec649_ridge_a5_0.05,0.6929889298892989,0.6991150442477876,0.6983228511530398,0.4749262536873156
18695,spec_fusion_spec649_ridge_a5_0.08,spec_fusion_spec649_ridge_a5_0.08,0.6915129151291513,0.7079646017699115,0.7070230607966457,0.471976401179941
18695,spec_fusion_spec649_ridge_a5_0.12,spec_fusion_spec649_ridge_a5_0.12,0.6900369003690037,0.7050147492625368,0.7038784067085954,0.4690265486725664
18695,spec_fusion_spec649_ridge_a5_0.18,spec_fusion_spec649_ridge_a5_0.18,0.6833948339483394,0.7079646017699115,0.7059224318658281,0.45427728613569324
18695,spec_fusion_spec649_ridge_a5_0.28,spec_fusion_spec649_ridge_a5_0.28,0.6789667896678967,0.7227138643067846,0.7201781970649894,0.44542772861356933
18695,spec_fusion_spec649_ridge_a5_0.35,spec_fusion_spec649_ridge_a5_0.35,0.6804428044280443,0.7256637168141593,0.7229559748427673,0.4424778761061947
18695,spec_fusion_spec649_ridge_a5_0.40,spec_fusion_spec649_ridge_a5_0.40,0.6767527675276753,0.7286135693215339,0.7253668763102725,0.4336283185840708
18695,spec_fusion_spec649_svc_c08_0.03,spec_fusion_spec649_svc_c08_0.03,0.692250922509225,0.6991150442477876,0.6983228511530398,0.4749262536873156
18695,spec_fusion_spec649_svc_c08_0.05,spec_fusion_spec649_svc_c08_0.05,0.692250922509225,0.6991150442477876,0.6983228511530398,0.4749262536873156
18695,spec_fusion_spec649_svc_c08_0.08,spec_fusion_spec649_svc_c08_0.08,0.6937269372693727,0.7020648967551623,0.7011006289308176,0.471976401179941
18695,spec_fusion_spec649_svc_c08_0.12,spec_fusion_spec649_svc_c08_0.12,0.6937269372693727,0.7079646017699115,0.7066561844863731,0.46607669616519176
18695,spec_fusion_spec649_svc_c08_0.18,spec_fusion_spec649_svc_c08_0.18,0.6944649446494465,0.7079646017699115,0.7066561844863731,0.46607669616519176
18695,spec_fusion_spec649_svc_c08_0.28,spec_fusion_spec649_svc_c08_0.28,0.6952029520295203,0.7138643067846607,0.7122117400419288,0.46017699115044247
18695,spec_fusion_spec649_svc_c08_0.35,spec_fusion_spec649_svc_c08_0.35,0.692250922509225,0.7138643067846607,0.7118448637316561,0.45427728613569324
18695,spec_fusion_spec649_svc_c08_0.40,spec_fusion_spec649_svc_c08_0.40,0.6915129151291513,0.7168141592920354,0.7149895178197065,0.45722713864306785
18695,spec_spec649_gpu,spec_spec649_gpu,0.5468634686346864,0.5486725663716814,0.5438155136268343,0.41887905604719766
18695,spec_spec649_log_c04,spec_spec649_log_c04,0.5431734317343173,0.5693215339233039,0.5643605870020965,0.415929203539823
18695,spec_spec649_log_c08,spec_spec649_log_c08,0.548339483394834,0.551622418879056,0.545859538784067,0.40412979351032446
18695,spec_spec649_ridge_a5,spec_spec649_ridge_a5,0.5202952029520295,0.5457227138643068,0.5410377358490566,0.4218289085545723
18695,spec_spec649_svc_c08,spec_spec649_svc_c08,0.5321033210332103,0.5427728613569321,0.5195492662473795,0.12389380530973451
18695,spec_zfusion_spec649_gpu_0.08,spec_zfusion_spec649_gpu_0.08,0.6819188191881919,0.696165191740413,0.6981132075471698,0.5191740412979351
18695,spec_zfusion_spec649_gpu_0.12,spec_zfusion_spec649_gpu_0.12,0.6819188191881919,0.6932153392330384,0.694601677148847,0.5103244837758112
18695,spec_zfusion_spec649_gpu_0.18,spec_zfusion_spec649_gpu_0.18,0.6841328413284132,0.7050147492625368,0.7057127882599581,0.49852507374631266
18695,spec_zfusion_spec649_gpu_0.28,spec_zfusion_spec649_gpu_0.28,0.6782287822878229,0.696165191740413,0.6970125786163521,0.5014749262536873
18695,spec_zfusion_spec649_gpu_0.35,spec_zfusion_spec649_gpu_0.35,0.6627306273062731,0.7050147492625368,0.7053459119496854,0.49262536873156343
18695,spec_zfusion_spec649_log_c04_0.08,spec_zfusion_spec649_log_c04_0.08,0.6789667896678967,0.6932153392330384,0.6949685534591195,0.5162241887905604
18695,spec_zfusion_spec649_log_c04_0.12,spec_zfusion_spec649_log_c04_0.12,0.6826568265682657,0.6991150442477876,0.700524109014675,0.5103244837758112
18695,spec_zfusion_spec649_log_c04_0.18,spec_zfusion_spec649_log_c04_0.18,0.6811808118081181,0.7050147492625368,0.7064465408805032,0.5103244837758112
18695,spec_zfusion_spec649_log_c04_0.28,spec_zfusion_spec649_log_c04_0.28,0.6774907749077491,0.7079646017699115,0.7084905660377359,0.49557522123893805
18695,spec_zfusion_spec649_log_c04_0.35,spec_zfusion_spec649_log_c04_0.35,0.6671586715867158,0.7079646017699115,0.7084905660377359,0.49557522123893805
18695,spec_zfusion_spec649_log_c08_0.08,spec_zfusion_spec649_log_c08_0.08,0.6782287822878229,0.6932153392330384,0.6949685534591195,0.5162241887905604
18695,spec_zfusion_spec649_log_c08_0.12,spec_zfusion_spec649_log_c08_0.12,0.6826568265682657,0.6932153392330384,0.6949685534591195,0.5162241887905604
18695,spec_zfusion_spec649_log_c08_0.18,spec_zfusion_spec649_log_c08_0.18,0.6856088560885609,0.7079646017699115,0.7084905660377359,0.49557522123893805
18695,spec_zfusion_spec649_log_c08_0.28,spec_zfusion_spec649_log_c08_0.28,0.6811808118081181,0.7050147492625368,0.7053459119496854,0.49262536873156343
18695,spec_zfusion_spec649_log_c08_0.35,spec_zfusion_spec649_log_c08_0.35,0.6678966789667896,0.7050147492625368,0.704979035639413,0.48672566371681414
18695,spec_zfusion_spec649_ridge_a5_0.08,spec_zfusion_spec649_ridge_a5_0.08,0.6760147601476014,0.6932153392330384,0.6949685534591195,0.5162241887905604
18695,spec_zfusion_spec649_ridge_a5_0.12,spec_zfusion_spec649_ridge_a5_0.12,0.6789667896678967,0.7050147492625368,0.7060796645702305,0.504424778761062
18695,spec_zfusion_spec649_ridge_a5_0.18,spec_zfusion_spec649_ridge_a5_0.18,0.6863468634686347,0.7050147492625368,0.7057127882599581,0.49852507374631266
18695,spec_zfusion_spec649_ridge_a5_0.28,spec_zfusion_spec649_ridge_a5_0.28,0.6819188191881919,0.7227138643067846,0.7234800838574423,0.49852507374631266
18695,spec_zfusion_spec649_ridge_a5_0.35,spec_zfusion_spec649_ridge_a5_0.35,0.6745387453874538,0.7138643067846607,0.7151467505241089,0.5073746312684366
18695,spec_zfusion_spec649_svc_c08_0.08,spec_zfusion_spec649_svc_c08_0.08,0.6782287822878229,0.6932153392330384,0.695335429769392,0.5221238938053098
18695,spec_zfusion_spec649_svc_c08_0.12,spec_zfusion_spec649_svc_c08_0.12,0.6774907749077491,0.6932153392330384,0.695335429769392,0.5221238938053098
18695,spec_zfusion_spec649_svc_c08_0.18,spec_zfusion_spec649_svc_c08_0.18,0.6782287822878229,0.7020648967551623,0.7040356394129978,0.5191740412979351
18695,spec_zfusion_spec649_svc_c08_0.28,spec_zfusion_spec649_svc_c08_0.28,0.6627306273062731,0.7138643067846607,0.715880503144654,0.5191740412979351
18695,spec_zfusion_spec649_svc_c08_0.35,spec_zfusion_spec649_svc_c08_0.35,0.6531365313653137,0.7020648967551623,0.7040356394129978,0.5191740412979351
18695,stack_lda,stack_lda,0.7018450184501845,0.7256637168141593,0.719287211740042,0.3834808259587021
18695,stack_log_c003,stack_log_c003,0.6937269372693727,0.7374631268436578,0.7355345911949686,0.45427728613569324
18695,stack_log_c01,stack_log_c01,0.692250922509225,0.7345132743362832,0.7305555555555555,0.4218289085545723
7723,conv_fusion_net_0.10,conv_fusion_net_0.10,0.7018450184501845,0.7020648967551623,0.6948637316561845,0.37168141592920356
7723,conv_fusion_net_0.20,conv_fusion_net_0.20,0.6929889298892989,0.7020648967551623,0.6911949685534591,0.31268436578171094
7723,conv_fusion_net_0.35,conv_fusion_net_0.35,0.6760147601476014,0.6902654867256637,0.6756813417190776,0.2536873156342183
7723,conv_fusion_z_et_0.10,conv_fusion_z_et_0.10,0.7003690036900369,0.6991150442477876,0.6935534591194968,0.39823008849557523
7723,conv_fusion_z_et_0.20,conv_fusion_z_et_0.20,0.7077490774907749,0.7020648967551623,0.6963312368972746,0.3952802359882006
7723,conv_fusion_z_et_0.35,conv_fusion_z_et_0.35,0.7210332103321033,0.6991150442477876,0.6928197064989517,0.3864306784660767
7723,conv_fusion_z_log_0.10,conv_fusion_z_log_0.10,0.7003690036900369,0.7050147492625368,0.6991090146750524,0.39233038348082594
7723,conv_fusion_z_log_0.20,conv_fusion_z_log_0.20,0.7136531365313653,0.6991150442477876,0.6920859538784068,0.3746312684365782
7723,conv_fusion_z_log_0.35,conv_fusion_z_log_0.35,0.7129151291512915,0.6755162241887905,0.6687631027253669,0.3805309734513274
7723,conv_fusion_z_svc_0.10,conv_fusion_z_svc_0.10,0.6996309963099631,0.7050147492625368,0.6991090146750524,0.39233038348082594
7723,conv_fusion_z_svc_0.20,conv_fusion_z_svc_0.20,0.7070110701107011,0.6991150442477876,0.6920859538784068,0.3746312684365782
7723,conv_fusion_z_svc_0.35,conv_fusion_z_svc_0.35,0.7070110701107011,0.6784660766961652,0.6719077568134172,0.3834808259587021
7723,conv_fusion_zp_log_0.10,conv_fusion_zp_log_0.10,0.7003690036900369,0.7050147492625368,0.6991090146750524,0.39233038348082594
7723,conv_fusion_zp_log_0.20,conv_fusion_zp_log_0.20,0.7136531365313653,0.6991150442477876,0.6920859538784068,0.3746312684365782
7723,conv_fusion_zp_log_0.35,conv_fusion_zp_log_0.35,0.7121771217712177,0.6755162241887905,0.6687631027253669,0.3805309734513274
7723,conv_gate0.008,conv_gate0.008,0.7210332103321033,0.6991150442477876,0.6928197064989517,0.3864306784660767
7723,conv_gate0.012,conv_gate0.012,0.7210332103321033,0.6991150442477876,0.6928197064989517,0.3864306784660767
7723,conv_gate0.016,conv_gate0.016,0.7210332103321033,0.6991150442477876,0.6928197064989517,0.3864306784660767
7723,conv_net,conv_net,0.6369003690036901,0.6253687315634219,0.6050314465408805,0.16519174041297935
7723,conv_svc,conv_svc,0.6892988929889299,0.6902654867256637,0.684853249475891,0.40117994100294985
7723,conv_z_et,conv_z_et,0.6723247232472325,0.6548672566371682,0.6500524109014675,0.41297935103244837
7723,conv_z_log,conv_z_log,0.6782287822878229,0.6637168141592921,0.6576519916142558,0.39233038348082594
7723,conv_z_svc,conv_z_svc,0.67380073800738,0.6666666666666666,0.660062893081761,0.3834808259587021
7723,conv_zp_log,conv_zp_log,0.6819188191881919,0.6637168141592921,0.6576519916142558,0.39233038348082594
7723,erp_erp_late_et_l8,erp_erp_late_et_l8,0.6767527675276753,0.6637168141592921,0.6561844863731656,0.3687315634218289
7723,erp_erp_late_lda,erp_erp_late_lda,0.6324723247232472,0.640117994100295,0.6321278825995806,0.36283185840707965
7723,erp_erp_late_log_c03,erp_erp_late_log_c03,0.6501845018450184,0.6519174041297935,0.6458071278825996,0.39233038348082594
7723,erp_erp_late_log_c08,erp_erp_late_log_c08,0.6317343173431734,0.6312684365781711,0.6259958071278826,0.40707964601769914
7723,erp_erp_late_ridge_a8,erp_erp_late_ridge_a8,0.6095940959409594,0.6489675516224189,0.645230607966457,0.4306784660766962
7723,erp_erp_late_svc_c07,erp_erp_late_svc_c07,0.6715867158671587,0.6519174041297935,0.6458071278825996,0.39233038348082594
7723,oof_rank_mean12,oof_rank_mean12,0.7195571955719557,0.6991150442477876,0.6931865828092243,0.39233038348082594
7723,oof_rank_mean3,oof_rank_mean3,0.7210332103321033,0.6991150442477876,0.6928197064989517,0.3864306784660767
7723,oof_rank_mean5,oof_rank_mean5,0.718819188191882,0.7020648967551623,0.695230607966457,0.3775811209439528
7723,oof_rank_mean8,oof_rank_mean8,0.7173431734317344,0.7020648967551623,0.6963312368972746,0.3952802359882006
7723,oof_rank_median12,oof_rank_median12,0.7225092250922509,0.7079646017699115,0.7018867924528303,0.3893805309734513
7723,oof_rank_median3,oof_rank_median3,0.7210332103321033,0.6991150442477876,0.6928197064989517,0.3864306784660767
7723,oof_rank_median5,oof_rank_median5,0.7210332103321033,0.6991150442477876,0.6928197064989517,0.3864306784660767
7723,oof_rank_median8,oof_rank_median8,0.7195571955719557,0.7020648967551623,0.6959643605870021,0.3893805309734513
7723,recipe_conv_spec_erp_mean,recipe_conv_spec_erp_mean,0.7129151291512915,0.6991150442477876,0.6953878406708596,0.4277286135693215
7723,recipe_conv_spec_erp_median,recipe_conv_spec_erp_median,0.7129151291512915,0.6991150442477876,0.6953878406708596,0.4277286135693215
7723,recipe_conv_spec_erp_zmean,recipe_conv_spec_erp_zmean,0.7077490774907749,0.6991150442477876,0.6975890985324947,0.4631268436578171
7723,recipe_four_core_mean,recipe_four_core_mean,0.7129151291512915,0.6991150442477876,0.6953878406708596,0.4277286135693215
7723,recipe_four_core_median,recipe_four_core_median,0.7129151291512915,0.6991150442477876,0.6953878406708596,0.4277286135693215
7723,recipe_four_core_zmean,recipe_four_core_zmean,0.7077490774907749,0.6991150442477876,0.6975890985324947,0.4631268436578171
7723,recipe_robust_core_mean,recipe_robust_core_mean,0.7114391143911439,0.6991150442477876,0.6950209643605869,0.4218289085545723
7723,recipe_robust_core_median,recipe_robust_core_median,0.7114391143911439,0.6991150442477876,0.6950209643605869,0.4218289085545723
7723,recipe_robust_core_zmean,recipe_robust_core_zmean,0.7018450184501845,0.6932153392330384,0.6912997903563941,0.45722713864306785
7723,spec_base,spec_base,0.6996309963099631,0.6902654867256637,0.684853249475891,0.40117994100294985
7723,spec_fusion_spec649_gpu_0.03,spec_fusion_spec649_gpu_0.03,0.6988929889298893,0.6932153392330384,0.6876310272536688,0.39823008849557523
7723,spec_fusion_spec649_gpu_0.05,spec_fusion_spec649_gpu_0.05,0.6974169741697417,0.6932153392330384,0.6876310272536688,0.39823008849557523
7723,spec_fusion_spec649_gpu_0.08,spec_fusion_spec649_gpu_0.08,0.6974169741697417,0.6873156342182891,0.6820754716981132,0.40412979351032446
7723,spec_fusion_spec649_gpu_0.12,spec_fusion_spec649_gpu_0.12,0.6959409594095941,0.6873156342182891,0.6824423480083857,0.41002949852507375
7723,spec_fusion_spec649_gpu_0.18,spec_fusion_spec649_gpu_0.18,0.6892988929889299,0.672566371681416,0.6670859538784066,0.40117994100294985
7723,spec_fusion_spec649_gpu_0.28,spec_fusion_spec649_gpu_0.28,0.6715867158671587,0.6755162241887905,0.6705974842767295,0.41002949852507375
7723,spec_fusion_spec649_gpu_0.35,spec_fusion_spec649_gpu_0.35,0.6575645756457564,0.672566371681416,0.6685534591194968,0.4247787610619469
7723,spec_fusion_spec649_gpu_0.40,spec_fusion_spec649_gpu_0.40,0.6391143911439114,0.6637168141592921,0.6609538784067086,0.44542772861356933
7723,spec_fusion_spec649_log_c04_0.03,spec_fusion_spec649_log_c04_0.03,0.6996309963099631,0.696165191740413,0.6904088050314465,0.3952802359882006
7723,spec_fusion_spec649_log_c04_0.05,spec_fusion_spec649_log_c04_0.05,0.7018450184501845,0.696165191740413,0.6904088050314465,0.3952802359882006
7723,spec_fusion_spec649_log_c04_0.08,spec_fusion_spec649_log_c04_0.08,0.7003690036900369,0.6991150442477876,0.6942872117400419,0.41002949852507375
7723,spec_fusion_spec649_log_c04_0.12,spec_fusion_spec649_log_c04_0.12,0.7003690036900369,0.6932153392330384,0.6883647798742139,0.41002949852507375
7723,spec_fusion_spec649_log_c04_0.18,spec_fusion_spec649_log_c04_0.18,0.6988929889298893,0.6873156342182891,0.6820754716981132,0.40412979351032446
7723,spec_fusion_spec649_log_c04_0.28,spec_fusion_spec649_log_c04_0.28,0.6981549815498155,0.6873156342182891,0.6828092243186583,0.415929203539823
7723,spec_fusion_spec649_log_c04_0.35,spec_fusion_spec649_log_c04_0.35,0.6981549815498155,0.6814159292035398,0.6776205450733752,0.4277286135693215
7723,spec_fusion_spec649_log_c04_0.40,spec_fusion_spec649_log_c04_0.40,0.6952029520295203,0.6843657817109144,0.6811320754716981,0.4365781710914454
7723,spec_fusion_spec649_log_c08_0.03,spec_fusion_spec649_log_c08_0.03,0.7018450184501845,0.6991150442477876,0.6931865828092243,0.39233038348082594
7723,spec_fusion_spec649_log_c08_0.05,spec_fusion_spec649_log_c08_0.05,0.7018450184501845,0.696165191740413,0.6907756813417191,0.40117994100294985
7723,spec_fusion_spec649_log_c08_0.08,spec_fusion_spec649_log_c08_0.08,0.7025830258302583,0.696165191740413,0.6911425576519916,0.40707964601769914
7723,spec_fusion_spec649_log_c08_0.12,spec_fusion_spec649_log_c08_0.12,0.6996309963099631,0.6902654867256637,0.6852201257861635,0.40707964601769914
7723,spec_fusion_spec649_log_c08_0.18,spec_fusion_spec649_log_c08_0.18,0.7003690036900369,0.6873156342182891,0.6820754716981132,0.40412979351032446
7723,spec_fusion_spec649_log_c08_0.28,spec_fusion_spec649_log_c08_0.28,0.7018450184501845,0.6814159292035398,0.6772536687631028,0.4218289085545723
7723,spec_fusion_spec649_log_c08_0.35,spec_fusion_spec649_log_c08_0.35,0.6966789667896679,0.6784660766961652,0.6748427672955974,0.4306784660766962
7723,spec_fusion_spec649_log_c08_0.40,spec_fusion_spec649_log_c08_0.40,0.6856088560885609,0.6932153392330384,0.6894654088050314,0.4277286135693215
7723,spec_fusion_spec649_ridge_a5_0.03,spec_fusion_spec649_ridge_a5_0.03,0.7003690036900369,0.696165191740413,0.6904088050314465,0.3952802359882006
7723,spec_fusion_spec649_ridge_a5_0.05,spec_fusion_spec649_ridge_a5_0.05,0.7025830258302583,0.6991150442477876,0.6931865828092243,0.39233038348082594
7723,spec_fusion_spec649_ridge_a5_0.08,spec_fusion_spec649_ridge_a5_0.08,0.6974169741697417,0.696165191740413,0.6907756813417191,0.40117994100294985
7723,spec_fusion_spec649_ridge_a5_0.12,spec_fusion_spec649_ridge_a5_0.12,0.6981549815498155,0.6932153392330384,0.6879979035639413,0.40412979351032446
7723,spec_fusion_spec649_ridge_a5_0.18,spec_fusion_spec649_ridge_a5_0.18,0.6959409594095941,0.696165191740413,0.6911425576519916,0.40707964601769914
7723,spec_fusion_spec649_ridge_a5_0.28,spec_fusion_spec649_ridge_a5_0.28,0.6907749077490775,0.696165191740413,0.6911425576519916,0.40707964601769914
7723,spec_fusion_spec649_ridge_a5_0.35,spec_fusion_spec649_ridge_a5_0.35,0.6892988929889299,0.6902654867256637,0.6852201257861635,0.40707964601769914
7723,spec_fusion_spec649_ridge_a5_0.40,spec_fusion_spec649_ridge_a5_0.40,0.6789667896678967,0.6814159292035398,0.6765199161425577,0.41002949852507375
7723,spec_fusion_spec649_svc_c08_0.03,spec_fusion_spec649_svc_c08_0.03,0.6988929889298893,0.696165191740413,0.6904088050314465,0.3952802359882006
7723,spec_fusion_spec649_svc_c08_0.05,spec_fusion_spec649_svc_c08_0.05,0.6988929889298893,0.696165191740413,0.6904088050314465,0.3952802359882006
7723,spec_fusion_spec649_svc_c08_0.08,spec_fusion_spec649_svc_c08_0.08,0.6981549815498155,0.696165191740413,0.6904088050314465,0.3952802359882006
7723,spec_fusion_spec649_svc_c08_0.12,spec_fusion_spec649_svc_c08_0.12,0.6988929889298893,0.696165191740413,0.6904088050314465,0.3952802359882006
7723,spec_fusion_spec649_svc_c08_0.18,spec_fusion_spec649_svc_c08_0.18,0.6996309963099631,0.696165191740413,0.6904088050314465,0.3952802359882006
7723,spec_fusion_spec649_svc_c08_0.28,spec_fusion_spec649_svc_c08_0.28,0.6959409594095941,0.6902654867256637,0.6841194968553459,0.3893805309734513
7723,spec_fusion_spec649_svc_c08_0.35,spec_fusion_spec649_svc_c08_0.35,0.6996309963099631,0.696165191740413,0.690041928721174,0.3893805309734513
7723,spec_fusion_spec649_svc_c08_0.40,spec_fusion_spec649_svc_c08_0.40,0.6996309963099631,0.696165191740413,0.6896750524109014,0.3834808259587021
7723,spec_spec649_gpu,spec_spec649_gpu,0.5608856088560885,0.5486725663716814,0.5471174004192871,0.471976401179941
7723,spec_spec649_log_c04,spec_spec649_log_c04,0.5638376383763838,0.551622418879056,0.5513626834381551,0.49262536873156343
7723,spec_spec649_log_c08,spec_spec649_log_c08,0.5675276752767527,0.5634218289085545,0.5621069182389937,0.4749262536873156
7723,spec_spec649_ridge_a5,spec_spec649_ridge_a5,0.5571955719557196,0.5368731563421829,0.5360062893081761,0.4837758112094395
7723,spec_spec649_svc_c08,spec_spec649_svc_c08,0.5446494464944649,0.5132743362831859,0.5002096436058701,0.2890855457227139
7723,spec_zfusion_spec649_gpu_0.08,spec_zfusion_spec649_gpu_0.08,0.6929889298892989,0.6843657817109144,0.6814989517819706,0.4424778761061947
7723,spec_zfusion_spec649_gpu_0.12,spec_zfusion_spec649_gpu_0.12,0.6878228782287823,0.6784660766961652,0.67520964360587,0.4365781710914454
7723,spec_zfusion_spec649_gpu_0.18,spec_zfusion_spec649_gpu_0.18,0.6915129151291513,0.6843657817109144,0.6814989517819706,0.4424778761061947
7723,spec_zfusion_spec649_gpu_0.28,spec_zfusion_spec649_gpu_0.28,0.6797047970479705,0.6755162241887905,0.6731656184486373,0.45132743362831856
7723,spec_zfusion_spec649_gpu_0.35,spec_zfusion_spec649_gpu_0.35,0.6760147601476014,0.6637168141592921,0.6616876310272537,0.45722713864306785
7723,spec_zfusion_spec649_log_c04_0.08,spec_zfusion_spec649_log_c04_0.08,0.6974169741697417,0.6814159292035398,0.6787211740041929,0.44542772861356933
7723,spec_zfusion_spec649_log_c04_0.12,spec_zfusion_spec649_log_c04_0.12,0.6937269372693727,0.6784660766961652,0.6755765199161425,0.4424778761061947
7723,spec_zfusion_spec649_log_c04_0.18,spec_zfusion_spec649_log_c04_0.18,0.6966789667896679,0.6873156342182891,0.685377358490566,0.45722713864306785
7723,spec_zfusion_spec649_log_c04_0.28,spec_zfusion_spec649_log_c04_0.28,0.6907749077490775,0.6755162241887905,0.6738993710691823,0.4631268436578171
7723,spec_zfusion_spec649_log_c04_0.35,spec_zfusion_spec649_log_c04_0.35,0.6988929889298893,0.672566371681416,0.6711215932914045,0.46607669616519176
7723,spec_zfusion_spec649_log_c08_0.08,spec_zfusion_spec649_log_c08_0.08,0.6966789667896679,0.6814159292035398,0.6787211740041929,0.44542772861356933
7723,spec_zfusion_spec649_log_c08_0.12,spec_zfusion_spec649_log_c08_0.12,0.6959409594095941,0.6784660766961652,0.6755765199161425,0.4424778761061947
7723,spec_zfusion_spec649_log_c08_0.18,spec_zfusion_spec649_log_c08_0.18,0.6944649446494465,0.6784660766961652,0.6763102725366876,0.45427728613569324
7723,spec_zfusion_spec649_log_c08_0.28,spec_zfusion_spec649_log_c08_0.28,0.6915129151291513,0.6843657817109144,0.6822327044025157,0.45427728613569324
7723,spec_zfusion_spec649_log_c08_0.35,spec_zfusion_spec649_log_c08_0.35,0.6952029520295203,0.6784660766961652,0.6766771488469602,0.46017699115044247
7723,spec_zfusion_spec649_ridge_a5_0.08,spec_zfusion_spec649_ridge_a5_0.08,0.6944649446494465,0.6814159292035398,0.6787211740041929,0.44542772861356933
7723,spec_zfusion_spec649_ridge_a5_0.12,spec_zfusion_spec649_ridge_a5_0.12,0.6952029520295203,0.6814159292035398,0.6787211740041929,0.44542772861356933
7723,spec_zfusion_spec649_ridge_a5_0.18,spec_zfusion_spec649_ridge_a5_0.18,0.6878228782287823,0.6784660766961652,0.6763102725366876,0.45427728613569324
7723,spec_zfusion_spec649_ridge_a5_0.28,spec_zfusion_spec649_ridge_a5_0.28,0.6760147601476014,0.6666666666666666,0.6648322851153039,0.46017699115044247
7723,spec_zfusion_spec649_ridge_a5_0.35,spec_zfusion_spec649_ridge_a5_0.35,0.6767527675276753,0.6666666666666666,0.665566037735849,0.471976401179941
7723,spec_zfusion_spec649_svc_c08_0.08,spec_zfusion_spec649_svc_c08_0.08,0.692250922509225,0.672566371681416,0.670020964360587,0.44837758112094395
7723,spec_zfusion_spec649_svc_c08_0.12,spec_zfusion_spec649_svc_c08_0.12,0.6907749077490775,0.6666666666666666,0.6644654088050315,0.45427728613569324
7723,spec_zfusion_spec649_svc_c08_0.18,spec_zfusion_spec649_svc_c08_0.18,0.6878228782287823,0.6637168141592921,0.6616876310272537,0.45722713864306785
7723,spec_zfusion_spec649_svc_c08_0.28,spec_zfusion_spec649_svc_c08_0.28,0.67380073800738,0.640117994100295,0.6390985324947589,0.4749262536873156
7723,spec_zfusion_spec649_svc_c08_0.35,spec_zfusion_spec649_svc_c08_0.35,0.6619926199261993,0.6312684365781711,0.6300314465408805,0.471976401179941
7723,stack_lda,stack_lda,0.7070110701107011,0.7079646017699115,0.7007861635220125,0.37168141592920356
7723,stack_log_c003,stack_log_c003,0.7070110701107011,0.696165191740413,0.6911425576519916,0.40707964601769914
7723,stack_log_c01,stack_log_c01,0.7084870848708487,0.7138643067846607,0.7085429769392033,0.40117994100294985
114399,conv_fusion_net_0.10,conv_fusion_net_0.10,0.6944649446494465,0.7050147492625368,0.6994758909853249,0.39823008849557523
114399,conv_fusion_net_0.20,conv_fusion_net_0.20,0.6966789667896679,0.7079646017699115,0.7011530398322852,0.3775811209439528
114399,conv_fusion_net_0.35,conv_fusion_net_0.35,0.6833948339483394,0.7109144542772862,0.6995283018867924,0.30383480825958703
114399,conv_fusion_z_et_0.10,conv_fusion_z_et_0.10,0.692250922509225,0.7109144542772862,0.7072327044025157,0.4277286135693215
114399,conv_fusion_z_et_0.20,conv_fusion_z_et_0.20,0.6915129151291513,0.7138643067846607,0.7107442348008386,0.4365781710914454
114399,conv_fusion_z_et_0.35,conv_fusion_z_et_0.35,0.6929889298892989,0.7138643067846607,0.7107442348008386,0.4365781710914454
114399,conv_fusion_z_log_0.10,conv_fusion_z_log_0.10,0.6900369003690037,0.7109144542772862,0.7072327044025157,0.4277286135693215
114399,conv_fusion_z_log_0.20,conv_fusion_z_log_0.20,0.6981549815498155,0.7197640117994101,0.7181341719077567,0.46017699115044247
114399,conv_fusion_z_log_0.35,conv_fusion_z_log_0.35,0.6907749077490775,0.7138643067846607,0.7114779874213837,0.44837758112094395
114399,conv_fusion_z_svc_0.10,conv_fusion_z_svc_0.10,0.6937269372693727,0.7109144542772862,0.7072327044025157,0.4277286135693215
114399,conv_fusion_z_svc_0.20,conv_fusion_z_svc_0.20,0.6996309963099631,0.7109144542772862,0.7083333333333333,0.44542772861356933
114399,conv_fusion_z_svc_0.35,conv_fusion_z_svc_0.35,0.6892988929889299,0.7138643067846607,0.7100104821802935,0.4247787610619469
114399,conv_fusion_zp_log_0.10,conv_fusion_zp_log_0.10,0.6900369003690037,0.7109144542772862,0.7072327044025157,0.4277286135693215
114399,conv_fusion_zp_log_0.20,conv_fusion_zp_log_0.20,0.6981549815498155,0.7138643067846607,0.7118448637316561,0.45427728613569324
114399,conv_fusion_zp_log_0.35,conv_fusion_zp_log_0.35,0.6907749077490775,0.7138643067846607,0.7114779874213837,0.44837758112094395
114399,conv_gate0.008,conv_gate0.008,0.6996309963099631,0.7109144542772862,0.7083333333333333,0.44542772861356933
114399,conv_gate0.012,conv_gate0.012,0.6996309963099631,0.7109144542772862,0.7083333333333333,0.44542772861356933
114399,conv_gate0.016,conv_gate0.016,0.6841328413284132,0.7079646017699115,0.7048218029350104,0.4365781710914454
114399,conv_net,conv_net,0.6597785977859778,0.6607669616519174,0.6427672955974842,0.20058997050147492
114399,conv_svc,conv_svc,0.6841328413284132,0.7079646017699115,0.7048218029350104,0.4365781710914454
114399,conv_z_et,conv_z_et,0.666420664206642,0.6755162241887905,0.6735324947589099,0.45722713864306785
114399,conv_z_log,conv_z_log,0.6774907749077491,0.6843657817109144,0.6814989517819706,0.4424778761061947
114399,conv_z_svc,conv_z_svc,0.6730627306273063,0.6814159292035398,0.6776205450733752,0.4277286135693215
114399,conv_zp_log,conv_zp_log,0.6782287822878229,0.6814159292035398,0.6783542976939203,0.43952802359882004
114399,erp_erp_late_et_l8,erp_erp_late_et_l8,0.6745387453874538,0.6873156342182891,0.6809748427672956,0.3864306784660767
114399,erp_erp_late_lda,erp_erp_late_lda,0.6309963099630996,0.6548672566371682,0.6515199161425577,0.4365781710914454
114399,erp_erp_late_log_c03,erp_erp_late_log_c03,0.6428044280442804,0.6489675516224189,0.6470649895178198,0.46017699115044247
114399,erp_erp_late_log_c08,erp_erp_late_log_c08,0.6206642066420665,0.6519174041297935,0.65020964360587,0.4631268436578171
114399,erp_erp_late_ridge_a8,erp_erp_late_ridge_a8,0.5948339483394834,0.616519174041298,0.6132075471698113,0.43952802359882004
114399,erp_erp_late_svc_c07,erp_erp_late_svc_c07,0.6774907749077491,0.672566371681416,0.6678197064989517,0.41297935103244837
114399,oof_rank_mean12,oof_rank_mean12,0.7055350553505535,0.7050147492625368,0.7016771488469602,0.4336283185840708
114399,oof_rank_mean3,oof_rank_mean3,0.6981549815498155,0.6932153392330384,0.690566037735849,0.44542772861356933
114399,oof_rank_mean5,oof_rank_mean5,0.6988929889298893,0.696165191740413,0.6933438155136269,0.4424778761061947
114399,oof_rank_mean8,oof_rank_mean8,0.7003690036900369,0.7020648967551623,0.6988993710691824,0.4365781710914454
114399,oof_rank_median12,oof_rank_median12,0.6996309963099631,0.6902654867256637,0.6874213836477987,0.4424778761061947
114399,oof_rank_median3,oof_rank_median3,0.7025830258302583,0.6991150442477876,0.6961215932914047,0.43952802359882004
114399,oof_rank_median5,oof_rank_median5,0.7018450184501845,0.7020648967551623,0.6988993710691824,0.4365781710914454
114399,oof_rank_median8,oof_rank_median8,0.7011070110701108,0.6991150442477876,0.6961215932914047,0.43952802359882004
114399,recipe_conv_spec_erp_mean,recipe_conv_spec_erp_mean,0.6988929889298893,0.696165191740413,0.6933438155136269,0.4424778761061947
114399,recipe_conv_spec_erp_median,recipe_conv_spec_erp_median,0.6988929889298893,0.696165191740413,0.6933438155136269,0.4424778761061947
114399,recipe_conv_spec_erp_zmean,recipe_conv_spec_erp_zmean,0.6907749077490775,0.7079646017699115,0.7066561844863731,0.46607669616519176
114399,recipe_four_core_mean,recipe_four_core_mean,0.6988929889298893,0.696165191740413,0.6933438155136269,0.4424778761061947
114399,recipe_four_core_median,recipe_four_core_median,0.6988929889298893,0.696165191740413,0.6933438155136269,0.4424778761061947
114399,recipe_four_core_zmean,recipe_four_core_zmean,0.6907749077490775,0.7079646017699115,0.7066561844863731,0.46607669616519176
114399,recipe_robust_core_mean,recipe_robust_core_mean,0.6981549815498155,0.7020648967551623,0.6992662473794549,0.4424778761061947
114399,recipe_robust_core_median,recipe_robust_core_median,0.6981549815498155,0.7020648967551623,0.6992662473794549,0.4424778761061947
114399,recipe_robust_core_zmean,recipe_robust_core_zmean,0.6929889298892989,0.7079646017699115,0.7066561844863731,0.46607669616519176
114399,spec_base,spec_base,0.6996309963099631,0.7079646017699115,0.7048218029350104,0.4365781710914454
114399,spec_fusion_spec649_gpu_0.03,spec_fusion_spec649_gpu_0.03,0.6944649446494465,0.696165191740413,0.6933438155136269,0.4424778761061947
114399,spec_fusion_spec649_gpu_0.05,spec_fusion_spec649_gpu_0.05,0.6988929889298893,0.696165191740413,0.6933438155136269,0.4424778761061947
114399,spec_fusion_spec649_gpu_0.08,spec_fusion_spec649_gpu_0.08,0.6974169741697417,0.7079646017699115,0.704454926624738,0.4306784660766962
114399,spec_fusion_spec649_gpu_0.12,spec_fusion_spec649_gpu_0.12,0.692250922509225,0.7020648967551623,0.6977987421383648,0.41887905604719766
114399,spec_fusion_spec649_gpu_0.18,spec_fusion_spec649_gpu_0.18,0.6878228782287823,0.7050147492625368,0.7013102725366875,0.4277286135693215
114399,spec_fusion_spec649_gpu_0.28,spec_fusion_spec649_gpu_0.28,0.6723247232472325,0.7109144542772862,0.7068658280922432,0.4218289085545723
114399,spec_fusion_spec649_gpu_0.35,spec_fusion_spec649_gpu_0.35,0.6656826568265682,0.6902654867256637,0.6859538784067085,0.41887905604719766
114399,spec_fusion_spec649_gpu_0.40,spec_fusion_spec649_gpu_0.40,0.6457564575645757,0.6784660766961652,0.6755765199161425,0.4424778761061947
114399,spec_fusion_spec649_log_c04_0.03,spec_fusion_spec649_log_c04_0.03,0.6937269372693727,0.7020648967551623,0.6988993710691824,0.4365781710914454
114399,spec_fusion_spec649_log_c04_0.05,spec_fusion_spec649_log_c04_0.05,0.6959409594095941,0.696165191740413,0.6933438155136269,0.4424778761061947
114399,spec_fusion_spec649_log_c04_0.08,spec_fusion_spec649_log_c04_0.08,0.7018450184501845,0.7020648967551623,0.6988993710691824,0.4365781710914454
114399,spec_fusion_spec649_log_c04_0.12,spec_fusion_spec649_log_c04_0.12,0.6988929889298893,0.6932153392330384,0.689832285115304,0.4336283185840708
114399,spec_fusion_spec649_log_c04_0.18,spec_fusion_spec649_log_c04_0.18,0.692250922509225,0.6902654867256637,0.6866876310272536,0.4306784660766962
114399,spec_fusion_spec649_log_c04_0.28,spec_fusion_spec649_log_c04_0.28,0.6848708487084871,0.6902654867256637,0.6870545073375263,0.4365781710914454
114399,spec_fusion_spec649_log_c04_0.35,spec_fusion_spec649_log_c04_0.35,0.6811808118081181,0.6902654867256637,0.6866876310272536,0.4306784660766962
114399,spec_fusion_spec649_log_c04_0.40,spec_fusion_spec649_log_c04_0.40,0.6693726937269373,0.7050147492625368,0.7009433962264151,0.4218289085545723
114399,spec_fusion_spec649_log_c08_0.03,spec_fusion_spec649_log_c08_0.03,0.6944649446494465,0.7020648967551623,0.6988993710691824,0.4365781710914454
114399,spec_fusion_spec649_log_c08_0.05,spec_fusion_spec649_log_c08_0.05,0.6966789667896679,0.696165191740413,0.6933438155136269,0.4424778761061947
114399,spec_fusion_spec649_log_c08_0.08,spec_fusion_spec649_log_c08_0.08,0.6988929889298893,0.696165191740413,0.6929769392033542,0.4365781710914454
114399,spec_fusion_spec649_log_c08_0.12,spec_fusion_spec649_log_c08_0.12,0.6952029520295203,0.6991150442477876,0.6953878406708596,0.4277286135693215
114399,spec_fusion_spec649_log_c08_0.18,spec_fusion_spec649_log_c08_0.18,0.6944649446494465,0.6932153392330384,0.6901991614255765,0.43952802359882004
114399,spec_fusion_spec649_log_c08_0.28,spec_fusion_spec649_log_c08_0.28,0.6826568265682657,0.6902654867256637,0.6866876310272536,0.4306784660766962
114399,spec_fusion_spec649_log_c08_0.35,spec_fusion_spec649_log_c08_0.35,0.6723247232472325,0.6932153392330384,0.6894654088050314,0.4277286135693215
114399,spec_fusion_spec649_log_c08_0.40,spec_fusion_spec649_log_c08_0.40,0.6634686346863469,0.6932153392330384,0.6890985324947589,0.4218289085545723
114399,spec_fusion_spec649_ridge_a5_0.03,spec_fusion_spec649_ridge_a5_0.03,0.6974169741697417,0.6991150442477876,0.695754716981132,0.4336283185840708
114399,spec_fusion_spec649_ridge_a5_0.05,spec_fusion_spec649_ridge_a5_0.05,0.6974169741697417,0.6991150442477876,0.695754716981132,0.4336283185840708
114399,spec_fusion_spec649_ridge_a5_0.08,spec_fusion_spec649_ridge_a5_0.08,0.7003690036900369,0.6991150442477876,0.695754716981132,0.4336283185840708
114399,spec_fusion_spec649_ridge_a5_0.12,spec_fusion_spec649_ridge_a5_0.12,0.6959409594095941,0.696165191740413,0.6929769392033542,0.4365781710914454
114399,spec_fusion_spec649_ridge_a5_0.18,spec_fusion_spec649_ridge_a5_0.18,0.6944649446494465,0.6932153392330384,0.6894654088050314,0.4277286135693215
114399,spec_fusion_spec649_ridge_a5_0.28,spec_fusion_spec649_ridge_a5_0.28,0.6907749077490775,0.6932153392330384,0.6894654088050314,0.4277286135693215
114399,spec_fusion_spec649_ridge_a5_0.35,spec_fusion_spec649_ridge_a5_0.35,0.6826568265682657,0.6873156342182891,0.6828092243186583,0.415929203539823
114399,spec_fusion_spec649_ridge_a5_0.40,spec_fusion_spec649_ridge_a5_0.40,0.67380073800738,0.6784660766961652,0.6733752620545073,0.40707964601769914
114399,spec_fusion_spec649_svc_c08_0.03,spec_fusion_spec649_svc_c08_0.03,0.6981549815498155,0.7050147492625368,0.7013102725366875,0.4277286135693215
114399,spec_fusion_spec649_svc_c08_0.05,spec_fusion_spec649_svc_c08_0.05,0.6981549815498155,0.7050147492625368,0.7013102725366875,0.4277286135693215
114399,spec_fusion_spec649_svc_c08_0.08,spec_fusion_spec649_svc_c08_0.08,0.6981549815498155,0.7050147492625368,0.7013102725366875,0.4277286135693215
114399,spec_fusion_spec649_svc_c08_0.12,spec_fusion_spec649_svc_c08_0.12,0.6981549815498155,0.7050147492625368,0.7013102725366875,0.4277286135693215
114399,spec_fusion_spec649_svc_c08_0.18,spec_fusion_spec649_svc_c08_0.18,0.6981549815498155,0.7079646017699115,0.7040880503144654,0.4247787610619469
114399,spec_fusion_spec649_svc_c08_0.28,spec_fusion_spec649_svc_c08_0.28,0.7011070110701108,0.7109144542772862,0.7068658280922432,0.4218289085545723
114399,spec_fusion_spec649_svc_c08_0.35,spec_fusion_spec649_svc_c08_0.35,0.6959409594095941,0.7079646017699115,0.7040880503144654,0.4247787610619469
114399,spec_fusion_spec649_svc_c08_0.40,spec_fusion_spec649_svc_c08_0.40,0.6952029520295203,0.7109144542772862,0.7068658280922432,0.4218289085545723
114399,spec_spec649_gpu,spec_spec649_gpu,0.5453874538745388,0.5722713864306784,0.5697064989517819,0.45427728613569324
114399,spec_spec649_log_c04,spec_spec649_log_c04,0.5380073800738008,0.5575221238938053,0.5561844863731655,0.4749262536873156
114399,spec_spec649_log_c08,spec_spec649_log_c08,0.5380073800738008,0.551622418879056,0.55062893081761,0.4808259587020649
114399,spec_spec649_ridge_a5,spec_spec649_ridge_a5,0.5276752767527675,0.5457227138643068,0.5454402515723271,0.49262536873156343
114399,spec_spec649_svc_c08,spec_spec649_svc_c08,0.5461254612546126,0.5427728613569321,0.5221174004192872,0.16519174041297935
114399,spec_zfusion_spec649_gpu_0.08,spec_zfusion_spec649_gpu_0.08,0.6892988929889299,0.6991150442477876,0.6983228511530398,0.4749262536873156
114399,spec_zfusion_spec649_gpu_0.12,spec_zfusion_spec649_gpu_0.12,0.6915129151291513,0.6991150442477876,0.6983228511530398,0.4749262536873156
114399,spec_zfusion_spec649_gpu_0.18,spec_zfusion_spec649_gpu_0.18,0.6863468634686347,0.6991150442477876,0.6986897274633124,0.4808259587020649
114399,spec_zfusion_spec649_gpu_0.28,spec_zfusion_spec649_gpu_0.28,0.6760147601476014,0.6784660766961652,0.6781446540880502,0.4837758112094395
114399,spec_zfusion_spec649_gpu_0.35,spec_zfusion_spec649_gpu_0.35,0.6730627306273063,0.6784660766961652,0.6777777777777778,0.4778761061946903
114399,spec_zfusion_spec649_log_c04_0.08,spec_zfusion_spec649_log_c04_0.08,0.6959409594095941,0.7020648967551623,0.7011006289308176,0.471976401179941
114399,spec_zfusion_spec649_log_c04_0.12,spec_zfusion_spec649_log_c04_0.12,0.6974169741697417,0.6932153392330384,0.6924004192872117,0.4749262536873156
114399,spec_zfusion_spec649_log_c04_0.18,spec_zfusion_spec649_log_c04_0.18,0.6900369003690037,0.6932153392330384,0.6924004192872117,0.4749262536873156
114399,spec_zfusion_spec649_log_c04_0.28,spec_zfusion_spec649_log_c04_0.28,0.6782287822878229,0.696165191740413,0.6951781970649895,0.471976401179941
114399,spec_zfusion_spec649_log_c04_0.35,spec_zfusion_spec649_log_c04_0.35,0.6774907749077491,0.696165191740413,0.6944444444444444,0.46017699115044247
114399,spec_zfusion_spec649_log_c08_0.08,spec_zfusion_spec649_log_c08_0.08,0.6966789667896679,0.6991150442477876,0.6983228511530398,0.4749262536873156
114399,spec_zfusion_spec649_log_c08_0.12,spec_zfusion_spec649_log_c08_0.12,0.7003690036900369,0.696165191740413,0.6951781970649895,0.471976401179941
114399,spec_zfusion_spec649_log_c08_0.18,spec_zfusion_spec649_log_c08_0.18,0.6915129151291513,0.6932153392330384,0.6924004192872117,0.4749262536873156
114399,spec_zfusion_spec649_log_c08_0.28,spec_zfusion_spec649_log_c08_0.28,0.6804428044280443,0.696165191740413,0.6951781970649895,0.471976401179941
114399,spec_zfusion_spec649_log_c08_0.35,spec_zfusion_spec649_log_c08_0.35,0.6789667896678967,0.7050147492625368,0.7035115303983228,0.4631268436578171
114399,spec_zfusion_spec649_ridge_a5_0.08,spec_zfusion_spec649_ridge_a5_0.08,0.6944649446494465,0.696165191740413,0.6955450733752621,0.4778761061946903
114399,spec_zfusion_spec649_ridge_a5_0.12,spec_zfusion_spec649_ridge_a5_0.12,0.6907749077490775,0.696165191740413,0.6951781970649895,0.471976401179941
114399,spec_zfusion_spec649_ridge_a5_0.18,spec_zfusion_spec649_ridge_a5_0.18,0.6863468634686347,0.6932153392330384,0.6920335429769392,0.4690265486725664
114399,spec_zfusion_spec649_ridge_a5_0.28,spec_zfusion_spec649_ridge_a5_0.28,0.6826568265682657,0.6873156342182891,0.685377358490566,0.45722713864306785
114399,spec_zfusion_spec649_ridge_a5_0.35,spec_zfusion_spec649_ridge_a5_0.35,0.6782287822878229,0.696165191740413,0.6944444444444444,0.46017699115044247
114399,spec_zfusion_spec649_svc_c08_0.08,spec_zfusion_spec649_svc_c08_0.08,0.6878228782287823,0.6932153392330384,0.6931341719077568,0.48672566371681414
114399,spec_zfusion_spec649_svc_c08_0.12,spec_zfusion_spec649_svc_c08_0.12,0.6878228782287823,0.696165191740413,0.6959119496855346,0.4837758112094395
114399,spec_zfusion_spec649_svc_c08_0.18,spec_zfusion_spec649_svc_c08_0.18,0.6833948339483394,0.6873156342182891,0.6864779874213836,0.4749262536873156
114399,spec_zfusion_spec649_svc_c08_0.28,spec_zfusion_spec649_svc_c08_0.28,0.6693726937269373,0.672566371681416,0.6722222222222223,0.4837758112094395
114399,spec_zfusion_spec649_svc_c08_0.35,spec_zfusion_spec649_svc_c08_0.35,0.6627306273062731,0.6696165191740413,0.6687106918238994,0.4749262536873156
114399,stack_lda,stack_lda,0.6929889298892989,0.7020648967551623,0.6977987421383648,0.41887905604719766
114399,stack_log_c003,stack_log_c003,0.6929889298892989,0.7020648967551623,0.7,0.45427728613569324
114399,stack_log_c01,stack_log_c01,0.6900369003690037,0.7020648967551623,0.6992662473794549,0.4424778761061947
200,conv_fusion_net_0.10,conv_fusion_net_0.10,0.6833948339483394,0.7404129793510325,0.734643605870021,0.39233038348082594
200,conv_fusion_net_0.20,conv_fusion_net_0.20,0.6929889298892989,0.7551622418879056,0.7477987421383647,0.36578171091445427
200,conv_fusion_net_0.35,conv_fusion_net_0.35,0.6885608856088561,0.7227138643067846,0.7113731656184487,0.30383480825958703
200,conv_fusion_z_et_0.10,conv_fusion_z_et_0.10,0.6826568265682657,0.7374631268436578,0.7333333333333334,0.41887905604719766
200,conv_fusion_z_et_0.20,conv_fusion_z_et_0.20,0.6811808118081181,0.7345132743362832,0.7309224318658281,0.4277286135693215
200,conv_fusion_z_et_0.35,conv_fusion_z_et_0.35,0.6811808118081181,0.7404129793510325,0.7357442348008385,0.41002949852507375
200,conv_fusion_z_log_0.10,conv_fusion_z_log_0.10,0.6841328413284132,0.7315634218289085,0.7274109014675052,0.41887905604719766
200,conv_fusion_z_log_0.20,conv_fusion_z_log_0.20,0.6870848708487085,0.7433628318584071,0.7388888888888889,0.41297935103244837
200,conv_fusion_z_log_0.35,conv_fusion_z_log_0.35,0.6885608856088561,0.7286135693215339,0.7242662473794549,0.415929203539823
200,conv_fusion_z_svc_0.10,conv_fusion_z_svc_0.10,0.6826568265682657,0.7374631268436578,0.7329664570230607,0.41297935103244837
200,conv_fusion_z_svc_0.20,conv_fusion_z_svc_0.20,0.6878228782287823,0.7286135693215339,0.7238993710691823,0.41002949852507375
200,conv_fusion_z_svc_0.35,conv_fusion_z_svc_0.35,0.6782287822878229,0.7168141592920354,0.7109538784067087,0.39233038348082594
200,conv_fusion_zp_log_0.10,conv_fusion_zp_log_0.10,0.6841328413284132,0.7315634218289085,0.7274109014675052,0.41887905604719766
200,conv_fusion_zp_log_0.20,conv_fusion_zp_log_0.20,0.6885608856088561,0.7404129793510325,0.7357442348008385,0.41002949852507375
200,conv_fusion_zp_log_0.35,conv_fusion_zp_log_0.35,0.6892988929889299,0.7286135693215339,0.7238993710691823,0.41002949852507375
200,conv_gate0.008,conv_gate0.008,0.6929889298892989,0.7551622418879056,0.7477987421383647,0.36578171091445427
200,conv_gate0.012,conv_gate0.012,0.6819188191881919,0.7227138643067846,0.7179769392033543,0.41002949852507375
200,conv_gate0.016,conv_gate0.016,0.6819188191881919,0.7227138643067846,0.7179769392033543,0.41002949852507375
200,conv_net,conv_net,0.6531365313653137,0.6991150442477876,0.684014675052411,0.2448377581120944
200,conv_svc,conv_svc,0.6819188191881919,0.7227138643067846,0.7179769392033543,0.41002949852507375
200,conv_z_et,conv_z_et,0.6546125461254613,0.7109144542772862,0.705398322851153,0.39823008849557523
200,conv_z_log,conv_z_log,0.6553505535055351,0.6755162241887905,0.6705974842767295,0.41002949852507375
200,conv_z_svc,conv_z_svc,0.6538745387453875,0.6902654867256637,0.6841194968553459,0.3893805309734513
200,conv_zp_log,conv_zp_log,0.659040590405904,0.6843657817109144,0.6789308176100629,0.40117994100294985
200,erp_erp_late_et_l8,erp_erp_late_et_l8,0.6642066420664207,0.6696165191740413,0.6610062893081761,0.35103244837758113
200,erp_erp_late_lda,erp_erp_late_lda,0.6494464944649446,0.6666666666666666,0.6622641509433962,0.41887905604719766
200,erp_erp_late_log_c03,erp_erp_late_log_c03,0.6361623616236163,0.6755162241887905,0.6735324947589099,0.45722713864306785
200,erp_erp_late_log_c08,erp_erp_late_log_c08,0.633210332103321,0.6696165191740413,0.6679769392033543,0.4631268436578171
200,erp_erp_late_ridge_a8,erp_erp_late_ridge_a8,0.588929889298893,0.6637168141592921,0.661320754716981,0.45132743362831856
200,erp_erp_late_svc_c07,erp_erp_late_svc_c07,0.6627306273062731,0.6666666666666666,0.6626310272536687,0.4247787610619469
200,oof_rank_mean12,oof_rank_mean12,0.7077490774907749,0.7138643067846607,0.7089098532494759,0.40707964601769914
200,oof_rank_mean3,oof_rank_mean3,0.7070110701107011,0.7197640117994101,0.7144654088050315,0.40117994100294985
200,oof_rank_mean5,oof_rank_mean5,0.7107011070110701,0.7197640117994101,0.714832285115304,0.40707964601769914
200,oof_rank_mean8,oof_rank_mean8,0.7107011070110701,0.7197640117994101,0.714832285115304,0.40707964601769914
200,oof_rank_median12,oof_rank_median12,0.7062730627306273,0.7168141592920354,0.7113207547169811,0.39823008849557523
200,oof_rank_median3,oof_rank_median3,0.7129151291512915,0.7168141592920354,0.7113207547169811,0.39823008849557523
200,oof_rank_median5,oof_rank_median5,0.7055350553505535,0.7168141592920354,0.7113207547169811,0.39823008849557523
200,oof_rank_median8,oof_rank_median8,0.7055350553505535,0.7168141592920354,0.7113207547169811,0.39823008849557523
200,recipe_conv_spec_erp_mean,recipe_conv_spec_erp_mean,0.692250922509225,0.7138643067846607,0.7092767295597484,0.41297935103244837
200,recipe_conv_spec_erp_median,recipe_conv_spec_erp_median,0.692250922509225,0.7138643067846607,0.7092767295597484,0.41297935103244837
200,recipe_conv_spec_erp_zmean,recipe_conv_spec_erp_zmean,0.6907749077490775,0.7020648967551623,0.6992662473794549,0.4424778761061947
200,recipe_four_core_mean,recipe_four_core_mean,0.692250922509225,0.7138643067846607,0.7092767295597484,0.41297935103244837
200,recipe_four_core_median,recipe_four_core_median,0.692250922509225,0.7138643067846607,0.7092767295597484,0.41297935103244837
200,recipe_four_core_zmean,recipe_four_core_zmean,0.6907749077490775,0.7020648967551623,0.6992662473794549,0.4424778761061947
200,recipe_robust_core_mean,recipe_robust_core_mean,0.6929889298892989,0.7109144542772862,0.7075995807127882,0.4336283185840708
200,recipe_robust_core_median,recipe_robust_core_median,0.6929889298892989,0.7109144542772862,0.7075995807127882,0.4336283185840708
200,recipe_robust_core_zmean,recipe_robust_core_zmean,0.6952029520295203,0.7138643067846607,0.7125786163522012,0.46607669616519176
200,spec_base,spec_base,0.6915129151291513,0.7227138643067846,0.7179769392033543,0.41002949852507375
200,spec_fusion_spec649_gpu_0.03,spec_fusion_spec649_gpu_0.03,0.6966789667896679,0.7138643067846607,0.7085429769392033,0.40117994100294985
200,spec_fusion_spec649_gpu_0.05,spec_fusion_spec649_gpu_0.05,0.6981549815498155,0.7109144542772862,0.705398322851153,0.39823008849557523
200,spec_fusion_spec649_gpu_0.08,spec_fusion_spec649_gpu_0.08,0.7040590405904059,0.7138643067846607,0.7085429769392033,0.40117994100294985
200,spec_fusion_spec649_gpu_0.12,spec_fusion_spec649_gpu_0.12,0.7018450184501845,0.7197640117994101,0.7140985324947589,0.3952802359882006
200,spec_fusion_spec649_gpu_0.18,spec_fusion_spec649_gpu_0.18,0.7018450184501845,0.7079646017699115,0.7018867924528303,0.3893805309734513
200,spec_fusion_spec649_gpu_0.28,spec_fusion_spec649_gpu_0.28,0.6833948339483394,0.7109144542772862,0.7042976939203354,0.3805309734513274
200,spec_fusion_spec649_gpu_0.35,spec_fusion_spec649_gpu_0.35,0.6693726937269373,0.6873156342182891,0.6802410901467505,0.3746312684365782
200,spec_fusion_spec649_gpu_0.40,spec_fusion_spec649_gpu_0.40,0.6442804428044281,0.6991150442477876,0.6924528301886792,0.3805309734513274
200,spec_fusion_spec649_log_c04_0.03,spec_fusion_spec649_log_c04_0.03,0.6929889298892989,0.7168141592920354,0.7116876310272536,0.40412979351032446
200,spec_fusion_spec649_log_c04_0.05,spec_fusion_spec649_log_c04_0.05,0.6929889298892989,0.7138643067846607,0.7085429769392033,0.40117994100294985
200,spec_fusion_spec649_log_c04_0.08,spec_fusion_spec649_log_c04_0.08,0.7018450184501845,0.7138643067846607,0.7085429769392033,0.40117994100294985
200,spec_fusion_spec649_log_c04_0.12,spec_fusion_spec649_log_c04_0.12,0.7025830258302583,0.7109144542772862,0.7061320754716981,0.41002949852507375
200,spec_fusion_spec649_log_c04_0.18,spec_fusion_spec649_log_c04_0.18,0.6996309963099631,0.7138643067846607,0.7085429769392033,0.40117994100294985
200,spec_fusion_spec649_log_c04_0.28,spec_fusion_spec649_log_c04_0.28,0.7003690036900369,0.7020648967551623,0.6963312368972746,0.3952802359882006
200,spec_fusion_spec649_log_c04_0.35,spec_fusion_spec649_log_c04_0.35,0.6892988929889299,0.6755162241887905,0.6702306079664571,0.40412979351032446
200,spec_fusion_spec649_log_c04_0.40,spec_fusion_spec649_log_c04_0.40,0.6782287822878229,0.6755162241887905,0.6705974842767295,0.41002949852507375
200,spec_fusion_spec649_log_c08_0.03,spec_fusion_spec649_log_c08_0.03,0.6929889298892989,0.7138643067846607,0.7085429769392033,0.40117994100294985
200,spec_fusion_spec649_log_c08_0.05,spec_fusion_spec649_log_c08_0.05,0.6952029520295203,0.7138643067846607,0.7085429769392033,0.40117994100294985
200,spec_fusion_spec649_log_c08_0.08,spec_fusion_spec649_log_c08_0.08,0.7033210332103321,0.7138643067846607,0.7085429769392033,0.40117994100294985
200,spec_fusion_spec649_log_c08_0.12,spec_fusion_spec649_log_c08_0.12,0.7025830258302583,0.7109144542772862,0.7061320754716981,0.41002949852507375
200,spec_fusion_spec649_log_c08_0.18,spec_fusion_spec649_log_c08_0.18,0.6981549815498155,0.7197640117994101,0.714832285115304,0.40707964601769914
200,spec_fusion_spec649_log_c08_0.28,spec_fusion_spec649_log_c08_0.28,0.6944649446494465,0.6843657817109144,0.6785639412997904,0.3952802359882006
200,spec_fusion_spec649_log_c08_0.35,spec_fusion_spec649_log_c08_0.35,0.6841328413284132,0.6696165191740413,0.6643081761006289,0.40412979351032446
200,spec_fusion_spec649_log_c08_0.40,spec_fusion_spec649_log_c08_0.40,0.6774907749077491,0.6784660766961652,0.6733752620545073,0.40707964601769914
200,spec_fusion_spec649_ridge_a5_0.03,spec_fusion_spec649_ridge_a5_0.03,0.6900369003690037,0.7197640117994101,0.714832285115304,0.40707964601769914
200,spec_fusion_spec649_ridge_a5_0.05,spec_fusion_spec649_ridge_a5_0.05,0.6959409594095941,0.7197640117994101,0.714832285115304,0.40707964601769914
200,spec_fusion_spec649_ridge_a5_0.08,spec_fusion_spec649_ridge_a5_0.08,0.6981549815498155,0.7138643067846607,0.7089098532494759,0.40707964601769914
200,spec_fusion_spec649_ridge_a5_0.12,spec_fusion_spec649_ridge_a5_0.12,0.7011070110701108,0.7138643067846607,0.7089098532494759,0.40707964601769914
200,spec_fusion_spec649_ridge_a5_0.18,spec_fusion_spec649_ridge_a5_0.18,0.6966789667896679,0.7050147492625368,0.6998427672955975,0.40412979351032446
200,spec_fusion_spec649_ridge_a5_0.28,spec_fusion_spec649_ridge_a5_0.28,0.7011070110701108,0.7109144542772862,0.7061320754716981,0.41002949852507375
200,spec_fusion_spec649_ridge_a5_0.35,spec_fusion_spec649_ridge_a5_0.35,0.7033210332103321,0.7050147492625368,0.70020964360587,0.41002949852507375
200,spec_fusion_spec649_ridge_a5_0.40,spec_fusion_spec649_ridge_a5_0.40,0.6952029520295203,0.7079646017699115,0.7033542976939203,0.41297935103244837
200,spec_fusion_spec649_svc_c08_0.03,spec_fusion_spec649_svc_c08_0.03,0.692250922509225,0.7197640117994101,0.714832285115304,0.40707964601769914
200,spec_fusion_spec649_svc_c08_0.05,spec_fusion_spec649_svc_c08_0.05,0.692250922509225,0.7168141592920354,0.7116876310272536,0.40412979351032446
200,spec_fusion_spec649_svc_c08_0.08,spec_fusion_spec649_svc_c08_0.08,0.6929889298892989,0.7168141592920354,0.7116876310272536,0.40412979351032446
200,spec_fusion_spec649_svc_c08_0.12,spec_fusion_spec649_svc_c08_0.12,0.6929889298892989,0.7138643067846607,0.7085429769392033,0.40117994100294985
200,spec_fusion_spec649_svc_c08_0.18,spec_fusion_spec649_svc_c08_0.18,0.692250922509225,0.7109144542772862,0.705398322851153,0.39823008849557523
200,spec_fusion_spec649_svc_c08_0.28,spec_fusion_spec649_svc_c08_0.28,0.6915129151291513,0.7109144542772862,0.705398322851153,0.39823008849557523
200,spec_fusion_spec649_svc_c08_0.35,spec_fusion_spec649_svc_c08_0.35,0.6944649446494465,0.7138643067846607,0.7081761006289309,0.3952802359882006
200,spec_fusion_spec649_svc_c08_0.40,spec_fusion_spec649_svc_c08_0.40,0.6944649446494465,0.7138643067846607,0.7078092243186582,0.3893805309734513
200,spec_spec649_gpu,spec_spec649_gpu,0.5446494464944649,0.5870206489675516,0.5795597484276729,0.3746312684365782
200,spec_spec649_log_c04,spec_spec649_log_c04,0.5431734317343173,0.5722713864306784,0.5671383647798742,0.41297935103244837
200,spec_spec649_log_c08,spec_spec649_log_c08,0.5402214022140222,0.5545722713864307,0.5493710691823899,0.41297935103244837
200,spec_spec649_ridge_a5,spec_spec649_ridge_a5,0.5350553505535055,0.5693215339233039,0.5661949685534591,0.44542772861356933
200,spec_spec649_svc_c08,spec_spec649_svc_c08,0.537269372693727,0.5575221238938053,0.5305031446540881,0.061946902654867256
200,spec_zfusion_spec649_gpu_0.08,spec_zfusion_spec649_gpu_0.08,0.6885608856088561,0.7079646017699115,0.7059224318658281,0.45427728613569324
200,spec_zfusion_spec649_gpu_0.12,spec_zfusion_spec649_gpu_0.12,0.6870848708487085,0.7079646017699115,0.7055555555555555,0.44837758112094395
200,spec_zfusion_spec649_gpu_0.18,spec_zfusion_spec649_gpu_0.18,0.6929889298892989,0.7079646017699115,0.7051886792452831,0.4424778761061947
200,spec_zfusion_spec649_gpu_0.28,spec_zfusion_spec649_gpu_0.28,0.6819188191881919,0.7168141592920354,0.7138888888888888,0.43952802359882004
200,spec_zfusion_spec649_gpu_0.35,spec_zfusion_spec649_gpu_0.35,0.6797047970479705,0.7168141592920354,0.7142557651991615,0.44542772861356933
200,spec_zfusion_spec649_log_c04_0.08,spec_zfusion_spec649_log_c04_0.08,0.6915129151291513,0.7050147492625368,0.7031446540880503,0.45722713864306785
200,spec_zfusion_spec649_log_c04_0.12,spec_zfusion_spec649_log_c04_0.12,0.6944649446494465,0.7138643067846607,0.7122117400419288,0.46017699115044247
200,spec_zfusion_spec649_log_c04_0.18,spec_zfusion_spec649_log_c04_0.18,0.6988929889298893,0.7050147492625368,0.7031446540880503,0.45722713864306785
200,spec_zfusion_spec649_log_c04_0.28,spec_zfusion_spec649_log_c04_0.28,0.6937269372693727,0.7197640117994101,0.7177672955974843,0.45427728613569324
200,spec_zfusion_spec649_log_c04_0.35,spec_zfusion_spec649_log_c04_0.35,0.6804428044280443,0.6902654867256637,0.6877882599580712,0.44837758112094395
200,spec_zfusion_spec649_log_c08_0.08,spec_zfusion_spec649_log_c08_0.08,0.6907749077490775,0.7079646017699115,0.7059224318658281,0.45427728613569324
200,spec_zfusion_spec649_log_c08_0.12,spec_zfusion_spec649_log_c08_0.12,0.6952029520295203,0.7197640117994101,0.7177672955974843,0.45427728613569324
200,spec_zfusion_spec649_log_c08_0.18,spec_zfusion_spec649_log_c08_0.18,0.6966789667896679,0.7050147492625368,0.7031446540880503,0.45722713864306785
200,spec_zfusion_spec649_log_c08_0.28,spec_zfusion_spec649_log_c08_0.28,0.6915129151291513,0.7138643067846607,0.7114779874213837,0.44837758112094395
200,spec_zfusion_spec649_log_c08_0.35,spec_zfusion_spec649_log_c08_0.35,0.6856088560885609,0.696165191740413,0.694811320754717,0.46607669616519176
200,spec_zfusion_spec649_ridge_a5_0.08,spec_zfusion_spec649_ridge_a5_0.08,0.6915129151291513,0.7079646017699115,0.7062893081761006,0.46017699115044247
200,spec_zfusion_spec649_ridge_a5_0.12,spec_zfusion_spec649_ridge_a5_0.12,0.6929889298892989,0.7050147492625368,0.7035115303983228,0.4631268436578171
200,spec_zfusion_spec649_ridge_a5_0.18,spec_zfusion_spec649_ridge_a5_0.18,0.6944649446494465,0.6991150442477876,0.6972222222222222,0.45722713864306785
200,spec_zfusion_spec649_ridge_a5_0.28,spec_zfusion_spec649_ridge_a5_0.28,0.6878228782287823,0.7079646017699115,0.7055555555555555,0.44837758112094395
200,spec_zfusion_spec649_ridge_a5_0.35,spec_zfusion_spec649_ridge_a5_0.35,0.6811808118081181,0.7050147492625368,0.7024109014675053,0.44542772861356933
200,spec_zfusion_spec649_svc_c08_0.08,spec_zfusion_spec649_svc_c08_0.08,0.6944649446494465,0.7138643067846607,0.7118448637316561,0.45427728613569324
200,spec_zfusion_spec649_svc_c08_0.12,spec_zfusion_spec649_svc_c08_0.12,0.692250922509225,0.7050147492625368,0.7024109014675053,0.44542772861356933
200,spec_zfusion_spec649_svc_c08_0.18,spec_zfusion_spec649_svc_c08_0.18,0.6878228782287823,0.7109144542772862,0.7087002096436059,0.45132743362831856
200,spec_zfusion_spec649_svc_c08_0.28,spec_zfusion_spec649_svc_c08_0.28,0.6826568265682657,0.6991150442477876,0.6979559748427673,0.4690265486725664
200,spec_zfusion_spec649_svc_c08_0.35,spec_zfusion_spec649_svc_c08_0.35,0.6782287822878229,0.6932153392330384,0.6912997903563941,0.45722713864306785
200,stack_lda,stack_lda,0.6996309963099631,0.7315634218289085,0.7263102725366877,0.40117994100294985
200,stack_log_c003,stack_log_c003,0.7018450184501845,0.7315634218289085,0.7285115303983228,0.4365781710914454
200,stack_log_c01,stack_log_c01,0.7055350553505535,0.7286135693215339,0.725,0.4277286135693215
987654,conv_fusion_net_0.10,conv_fusion_net_0.10,0.6811808118081181,0.7256637168141593,0.7233228511530398,0.44837758112094395
987654,conv_fusion_net_0.20,conv_fusion_net_0.20,0.6811808118081181,0.7256637168141593,0.7203878406708595,0.40117994100294985
987654,conv_fusion_net_0.35,conv_fusion_net_0.35,0.6774907749077491,0.7315634218289085,0.7241090146750524,0.36578171091445427
987654,conv_fusion_z_et_0.10,conv_fusion_z_et_0.10,0.6841328413284132,0.7138643067846607,0.7125786163522012,0.46607669616519176
987654,conv_fusion_z_et_0.20,conv_fusion_z_et_0.20,0.6952029520295203,0.7197640117994101,0.7174004192872117,0.44837758112094395
987654,conv_fusion_z_et_0.35,conv_fusion_z_et_0.35,0.7055350553505535,0.7138643067846607,0.7114779874213837,0.44837758112094395
987654,conv_fusion_z_log_0.10,conv_fusion_z_log_0.10,0.6885608856088561,0.7227138643067846,0.7209119496855345,0.45722713864306785
987654,conv_fusion_z_log_0.20,conv_fusion_z_log_0.20,0.7018450184501845,0.7138643067846607,0.711111111111111,0.4424778761061947
987654,conv_fusion_z_log_0.35,conv_fusion_z_log_0.35,0.6944649446494465,0.7168141592920354,0.7146226415094339,0.45132743362831856
987654,conv_fusion_z_svc_0.10,conv_fusion_z_svc_0.10,0.6892988929889299,0.7138643067846607,0.7122117400419288,0.46017699115044247
987654,conv_fusion_z_svc_0.20,conv_fusion_z_svc_0.20,0.7025830258302583,0.7079646017699115,0.7055555555555555,0.44837758112094395
987654,conv_fusion_z_svc_0.35,conv_fusion_z_svc_0.35,0.6981549815498155,0.7050147492625368,0.7031446540880503,0.45722713864306785
987654,conv_fusion_zp_log_0.10,conv_fusion_zp_log_0.10,0.6885608856088561,0.7227138643067846,0.7209119496855345,0.45722713864306785
987654,conv_fusion_zp_log_0.20,conv_fusion_zp_log_0.20,0.7003690036900369,0.7138643067846607,0.711111111111111,0.4424778761061947
987654,conv_fusion_zp_log_0.35,conv_fusion_zp_log_0.35,0.6937269372693727,0.7168141592920354,0.7146226415094339,0.45132743362831856
987654,conv_gate0.008,conv_gate0.008,0.7055350553505535,0.7138643067846607,0.7114779874213837,0.44837758112094395
987654,conv_gate0.012,conv_gate0.012,0.7055350553505535,0.7138643067846607,0.7114779874213837,0.44837758112094395
987654,conv_gate0.016,conv_gate0.016,0.7055350553505535,0.7138643067846607,0.7114779874213837,0.44837758112094395
987654,conv_net,conv_net,0.6487084870848708,0.6991150442477876,0.6917190775681341,0.3687315634218289
987654,conv_svc,conv_svc,0.6723247232472325,0.7079646017699115,0.7073899371069182,0.4778761061946903
987654,conv_z_et,conv_z_et,0.6715867158671587,0.6873156342182891,0.6850104821802935,0.45132743362831856
987654,conv_z_log,conv_z_log,0.6723247232472325,0.6814159292035398,0.6798218029350105,0.4631268436578171
987654,conv_z_svc,conv_z_svc,0.6760147601476014,0.672566371681416,0.6714884696016772,0.471976401179941
987654,conv_zp_log,conv_zp_log,0.6723247232472325,0.6814159292035398,0.6798218029350105,0.4631268436578171
987654,erp_erp_late_et_l8,erp_erp_late_et_l8,0.6745387453874538,0.672566371681416,0.6659853249475891,0.3834808259587021
987654,erp_erp_late_lda,erp_erp_late_lda,0.6265682656826568,0.6873156342182891,0.6861111111111111,0.4690265486725664
987654,erp_erp_late_log_c03,erp_erp_late_log_c03,0.6287822878228783,0.6519174041297935,0.654979035639413,0.5398230088495575
987654,erp_erp_late_log_c08,erp_erp_late_log_c08,0.6199261992619927,0.6460176991150443,0.6490566037735849,0.5398230088495575
987654,erp_erp_late_ridge_a8,erp_erp_late_ridge_a8,0.5763837638376383,0.6342182890855457,0.6375786163522013,0.5457227138643068
987654,erp_erp_late_svc_c07,erp_erp_late_svc_c07,0.6619926199261993,0.6991150442477876,0.6964884696016771,0.44542772861356933
987654,oof_rank_mean12,oof_rank_mean12,0.7033210332103321,0.7138643067846607,0.7118448637316561,0.45427728613569324
987654,oof_rank_mean3,oof_rank_mean3,0.7099630996309964,0.7168141592920354,0.7149895178197065,0.45722713864306785
987654,oof_rank_mean5,oof_rank_mean5,0.7136531365313653,0.7197640117994101,0.7177672955974843,0.45427728613569324
987654,oof_rank_mean8,oof_rank_mean8,0.7077490774907749,0.7109144542772862,0.7094339622641509,0.4631268436578171
987654,oof_rank_median12,oof_rank_median12,0.7047970479704797,0.7109144542772862,0.7094339622641509,0.4631268436578171
987654,oof_rank_median3,oof_rank_median3,0.7099630996309964,0.7109144542772862,0.7094339622641509,0.4631268436578171
987654,oof_rank_median5,oof_rank_median5,0.7070110701107011,0.7079646017699115,0.7066561844863731,0.46607669616519176
987654,oof_rank_median8,oof_rank_median8,0.7070110701107011,0.7168141592920354,0.7157232704402515,0.4690265486725664
987654,recipe_conv_spec_erp_mean,recipe_conv_spec_erp_mean,0.7055350553505535,0.7138643067846607,0.7125786163522012,0.46607669616519176
987654,recipe_conv_spec_erp_median,recipe_conv_spec_erp_median,0.7055350553505535,0.7138643067846607,0.7125786163522012,0.46607669616519176
987654,recipe_conv_spec_erp_zmean,recipe_conv_spec_erp_zmean,0.7033210332103321,0.6932153392330384,0.694601677148847,0.5103244837758112
987654,recipe_four_core_mean,recipe_four_core_mean,0.7055350553505535,0.7138643067846607,0.7125786163522012,0.46607669616519176
987654,recipe_four_core_median,recipe_four_core_median,0.7055350553505535,0.7138643067846607,0.7125786163522012,0.46607669616519176
987654,recipe_four_core_zmean,recipe_four_core_zmean,0.7033210332103321,0.6932153392330384,0.694601677148847,0.5103244837758112
987654,recipe_robust_core_mean,recipe_robust_core_mean,0.7055350553505535,0.7079646017699115,0.7066561844863731,0.46607669616519176
987654,recipe_robust_core_median,recipe_robust_core_median,0.7055350553505535,0.7079646017699115,0.7066561844863731,0.46607669616519176
987654,recipe_robust_core_zmean,recipe_robust_core_zmean,0.7018450184501845,0.7020648967551623,0.7029350104821803,0.5014749262536873
987654,spec_base,spec_base,0.6974169741697417,0.7079646017699115,0.7073899371069182,0.4778761061946903
987654,spec_fusion_spec649_gpu_0.03,spec_fusion_spec649_gpu_0.03,0.6988929889298893,0.7050147492625368,0.7042452830188679,0.4749262536873156
987654,spec_fusion_spec649_gpu_0.05,spec_fusion_spec649_gpu_0.05,0.6988929889298893,0.7050147492625368,0.7042452830188679,0.4749262536873156
987654,spec_fusion_spec649_gpu_0.08,spec_fusion_spec649_gpu_0.08,0.6974169741697417,0.7109144542772862,0.710167714884696,0.4749262536873156
987654,spec_fusion_spec649_gpu_0.12,spec_fusion_spec649_gpu_0.12,0.6996309963099631,0.7138643067846607,0.7125786163522012,0.46607669616519176
987654,spec_fusion_spec649_gpu_0.18,spec_fusion_spec649_gpu_0.18,0.6959409594095941,0.7256637168141593,0.7236897274633123,0.45427728613569324
987654,spec_fusion_spec649_gpu_0.28,spec_fusion_spec649_gpu_0.28,0.6723247232472325,0.7197640117994101,0.7177672955974843,0.45427728613569324
987654,spec_fusion_spec649_gpu_0.35,spec_fusion_spec649_gpu_0.35,0.6531365313653137,0.7109144542772862,0.7087002096436059,0.45132743362831856
987654,spec_fusion_spec649_gpu_0.40,spec_fusion_spec649_gpu_0.40,0.6339483394833948,0.7197640117994101,0.7185010482180294,0.46607669616519176
987654,spec_fusion_spec649_log_c04_0.03,spec_fusion_spec649_log_c04_0.03,0.6988929889298893,0.7050147492625368,0.7042452830188679,0.4749262536873156
987654,spec_fusion_spec649_log_c04_0.05,spec_fusion_spec649_log_c04_0.05,0.6988929889298893,0.7109144542772862,0.7098008385744234,0.4690265486725664
987654,spec_fusion_spec649_log_c04_0.08,spec_fusion_spec649_log_c04_0.08,0.7003690036900369,0.7138643067846607,0.7129454926624738,0.471976401179941
987654,spec_fusion_spec649_log_c04_0.12,spec_fusion_spec649_log_c04_0.12,0.6996309963099631,0.7138643067846607,0.7129454926624738,0.471976401179941
987654,spec_fusion_spec649_log_c04_0.18,spec_fusion_spec649_log_c04_0.18,0.6981549815498155,0.7138643067846607,0.7129454926624738,0.471976401179941
987654,spec_fusion_spec649_log_c04_0.28,spec_fusion_spec649_log_c04_0.28,0.6878228782287823,0.7227138643067846,0.7212788259958072,0.4631268436578171
987654,spec_fusion_spec649_log_c04_0.35,spec_fusion_spec649_log_c04_0.35,0.6767527675276753,0.7315634218289085,0.7296121593291405,0.45427728613569324
987654,spec_fusion_spec649_log_c04_0.40,spec_fusion_spec649_log_c04_0.40,0.6752767527675276,0.7197640117994101,0.7185010482180294,0.46607669616519176
987654,spec_fusion_spec649_log_c08_0.03,spec_fusion_spec649_log_c08_0.03,0.7011070110701108,0.7109144542772862,0.7098008385744234,0.4690265486725664
987654,spec_fusion_spec649_log_c08_0.05,spec_fusion_spec649_log_c08_0.05,0.7003690036900369,0.7109144542772862,0.7098008385744234,0.4690265486725664
987654,spec_fusion_spec649_log_c08_0.08,spec_fusion_spec649_log_c08_0.08,0.6988929889298893,0.7168141592920354,0.7157232704402515,0.4690265486725664
987654,spec_fusion_spec649_log_c08_0.12,spec_fusion_spec649_log_c08_0.12,0.6996309963099631,0.7197640117994101,0.7188679245283018,0.471976401179941
987654,spec_fusion_spec649_log_c08_0.18,spec_fusion_spec649_log_c08_0.18,0.6996309963099631,0.7168141592920354,0.715356394129979,0.4631268436578171
987654,spec_fusion_spec649_log_c08_0.28,spec_fusion_spec649_log_c08_0.28,0.6856088560885609,0.7256637168141593,0.7244234800838574,0.46607669616519176
987654,spec_fusion_spec649_log_c08_0.35,spec_fusion_spec649_log_c08_0.35,0.6752767527675276,0.7256637168141593,0.7229559748427673,0.4424778761061947
987654,spec_fusion_spec649_log_c08_0.40,spec_fusion_spec649_log_c08_0.40,0.6583025830258302,0.7079646017699115,0.7073899371069182,0.4778761061946903
987654,spec_fusion_spec649_ridge_a5_0.03,spec_fusion_spec649_ridge_a5_0.03,0.6996309963099631,0.7079646017699115,0.7070230607966457,0.471976401179941
987654,spec_fusion_spec649_ridge_a5_0.05,spec_fusion_spec649_ridge_a5_0.05,0.7003690036900369,0.7109144542772862,0.7098008385744234,0.4690265486725664
987654,spec_fusion_spec649_ridge_a5_0.08,spec_fusion_spec649_ridge_a5_0.08,0.7018450184501845,0.7168141592920354,0.7160901467505241,0.4749262536873156
987654,spec_fusion_spec649_ridge_a5_0.12,spec_fusion_spec649_ridge_a5_0.12,0.7011070110701108,0.7197640117994101,0.7185010482180294,0.46607669616519176
987654,spec_fusion_spec649_ridge_a5_0.18,spec_fusion_spec649_ridge_a5_0.18,0.6966789667896679,0.7168141592920354,0.7157232704402515,0.4690265486725664
987654,spec_fusion_spec649_ridge_a5_0.28,spec_fusion_spec649_ridge_a5_0.28,0.6981549815498155,0.7256637168141593,0.72479035639413,0.471976401179941
987654,spec_fusion_spec649_ridge_a5_0.35,spec_fusion_spec649_ridge_a5_0.35,0.6892988929889299,0.7138643067846607,0.7125786163522012,0.46607669616519176
987654,spec_fusion_spec649_ridge_a5_0.40,spec_fusion_spec649_ridge_a5_0.40,0.6797047970479705,0.7109144542772862,0.7090670859538784,0.45722713864306785
987654,spec_fusion_spec649_svc_c08_0.03,spec_fusion_spec649_svc_c08_0.03,0.6981549815498155,0.7079646017699115,0.7073899371069182,0.4778761061946903
987654,spec_fusion_spec649_svc_c08_0.05,spec_fusion_spec649_svc_c08_0.05,0.6981549815498155,0.7079646017699115,0.7070230607966457,0.471976401179941
987654,spec_fusion_spec649_svc_c08_0.08,spec_fusion_spec649_svc_c08_0.08,0.6974169741697417,0.7079646017699115,0.7070230607966457,0.471976401179941
987654,spec_fusion_spec649_svc_c08_0.12,spec_fusion_spec649_svc_c08_0.12,0.6974169741697417,0.7079646017699115,0.7070230607966457,0.471976401179941
987654,spec_fusion_spec649_svc_c08_0.18,spec_fusion_spec649_svc_c08_0.18,0.6974169741697417,0.7079646017699115,0.7070230607966457,0.471976401179941
987654,spec_fusion_spec649_svc_c08_0.28,spec_fusion_spec649_svc_c08_0.28,0.6966789667896679,0.7020648967551623,0.7003668763102725,0.46017699115044247
987654,spec_fusion_spec649_svc_c08_0.35,spec_fusion_spec649_svc_c08_0.35,0.6974169741697417,0.7020648967551623,0.7003668763102725,0.46017699115044247
987654,spec_fusion_spec649_svc_c08_0.40,spec_fusion_spec649_svc_c08_0.40,0.7033210332103321,0.7050147492625368,0.7031446540880503,0.45722713864306785
987654,spec_spec649_gpu,spec_spec649_gpu,0.5343173431734317,0.5811209439528023,0.5769392033542977,0.4277286135693215
987654,spec_spec649_log_c04,spec_spec649_log_c04,0.5380073800738008,0.5988200589970502,0.596174004192872,0.45132743362831856
987654,spec_spec649_log_c08,spec_spec649_log_c08,0.5424354243542435,0.584070796460177,0.5815513626834381,0.45427728613569324
987654,spec_spec649_ridge_a5,spec_spec649_ridge_a5,0.5505535055350553,0.551622418879056,0.5498951781970649,0.4690265486725664
987654,spec_spec649_svc_c08,spec_spec649_svc_c08,0.5247232472324723,0.5309734513274337,0.5,0.0
987654,spec_zfusion_spec649_gpu_0.08,spec_zfusion_spec649_gpu_0.08,0.6900369003690037,0.7050147492625368,0.7064465408805032,0.5103244837758112
987654,spec_zfusion_spec649_gpu_0.12,spec_zfusion_spec649_gpu_0.12,0.6819188191881919,0.7020648967551623,0.7036687631027254,0.5132743362831859
987654,spec_zfusion_spec649_gpu_0.18,spec_zfusion_spec649_gpu_0.18,0.6863468634686347,0.7020648967551623,0.7033018867924528,0.5073746312684366
987654,spec_zfusion_spec649_gpu_0.28,spec_zfusion_spec649_gpu_0.28,0.6804428044280443,0.7168141592920354,0.7179245283018867,0.504424778761062
987654,spec_zfusion_spec649_gpu_0.35,spec_zfusion_spec649_gpu_0.35,0.6723247232472325,0.7079646017699115,0.709224318658281,0.5073746312684366
987654,spec_zfusion_spec649_log_c04_0.08,spec_zfusion_spec649_log_c04_0.08,0.6856088560885609,0.7020648967551623,0.7036687631027254,0.5132743362831859
987654,spec_zfusion_spec649_log_c04_0.12,spec_zfusion_spec649_log_c04_0.12,0.6848708487084871,0.696165191740413,0.6973794549266248,0.5073746312684366
987654,spec_zfusion_spec649_log_c04_0.18,spec_zfusion_spec649_log_c04_0.18,0.6848708487084871,0.7079646017699115,0.7095911949685534,0.5132743362831859
987654,spec_zfusion_spec649_log_c04_0.28,spec_zfusion_spec649_log_c04_0.28,0.6900369003690037,0.7227138643067846,0.7238469601677149,0.504424778761062
987654,spec_zfusion_spec649_log_c04_0.35,spec_zfusion_spec649_log_c04_0.35,0.6804428044280443,0.7138643067846607,0.7155136268343816,0.5132743362831859
987654,spec_zfusion_spec649_log_c08_0.08,spec_zfusion_spec649_log_c08_0.08,0.6878228782287823,0.7050147492625368,0.7060796645702305,0.504424778761062
987654,spec_zfusion_spec649_log_c08_0.12,spec_zfusion_spec649_log_c08_0.12,0.6863468634686347,0.7050147492625368,0.7060796645702305,0.504424778761062
987654,spec_zfusion_spec649_log_c08_0.18,spec_zfusion_spec649_log_c08_0.18,0.6870848708487085,0.7168141592920354,0.7182914046121593,0.5103244837758112
987654,spec_zfusion_spec649_log_c08_0.28,spec_zfusion_spec649_log_c08_0.28,0.6870848708487085,0.7227138643067846,0.7234800838574423,0.49852507374631266
987654,spec_zfusion_spec649_log_c08_0.35,spec_zfusion_spec649_log_c08_0.35,0.6767527675276753,0.7197640117994101,0.7214360587002095,0.5132743362831859
987654,spec_zfusion_spec649_ridge_a5_0.08,spec_zfusion_spec649_ridge_a5_0.08,0.6892988929889299,0.7020648967551623,0.7033018867924528,0.5073746312684366
987654,spec_zfusion_spec649_ridge_a5_0.12,spec_zfusion_spec649_ridge_a5_0.12,0.6907749077490775,0.7079646017699115,0.7095911949685534,0.5132743362831859
987654,spec_zfusion_spec649_ridge_a5_0.18,spec_zfusion_spec649_ridge_a5_0.18,0.6952029520295203,0.7197640117994101,0.7210691823899371,0.5073746312684366
987654,spec_zfusion_spec649_ridge_a5_0.28,spec_zfusion_spec649_ridge_a5_0.28,0.692250922509225,0.7197640117994101,0.7210691823899371,0.5073746312684366
987654,spec_zfusion_spec649_ridge_a5_0.35,spec_zfusion_spec649_ridge_a5_0.35,0.6826568265682657,0.7138643067846607,0.7147798742138365,0.5014749262536873
987654,spec_zfusion_spec649_svc_c08_0.08,spec_zfusion_spec649_svc_c08_0.08,0.6856088560885609,0.696165191740413,0.6981132075471698,0.5191740412979351
987654,spec_zfusion_spec649_svc_c08_0.12,spec_zfusion_spec649_svc_c08_0.12,0.6907749077490775,0.7020648967551623,0.7040356394129978,0.5191740412979351
987654,spec_zfusion_spec649_svc_c08_0.18,spec_zfusion_spec649_svc_c08_0.18,0.6907749077490775,0.7079646017699115,0.709958071278826,0.5191740412979351
987654,spec_zfusion_spec649_svc_c08_0.28,spec_zfusion_spec649_svc_c08_0.28,0.6789667896678967,0.7079646017699115,0.7095911949685534,0.5132743362831859
987654,spec_zfusion_spec649_svc_c08_0.35,spec_zfusion_spec649_svc_c08_0.35,0.6693726937269373,0.7050147492625368,0.7064465408805032,0.5103244837758112
987654,stack_lda,stack_lda,0.7114391143911439,0.7315634218289085,0.7277777777777777,0.4247787610619469
987654,stack_log_c003,stack_log_c003,0.7077490774907749,0.7168141592920354,0.7160901467505241,0.4749262536873156
987654,stack_log_c01,stack_log_c01,0.7062730627306273,0.7138643067846607,0.7125786163522012,0.46607669616519176
2026,conv_fusion_net_0.10,conv_fusion_net_0.10,0.6885608856088561,0.7286135693215339,0.7235324947589099,0.40412979351032446
2026,conv_fusion_net_0.20,conv_fusion_net_0.20,0.6929889298892989,0.7286135693215339,0.720230607966457,0.35103244837758113
2026,conv_fusion_net_0.35,conv_fusion_net_0.35,0.6878228782287823,0.7109144542772862,0.6980607966457023,0.28023598820059
2026,conv_fusion_z_et_0.10,conv_fusion_z_et_0.10,0.692250922509225,0.7227138643067846,0.7190775681341719,0.4277286135693215
2026,conv_fusion_z_et_0.20,conv_fusion_z_et_0.20,0.6937269372693727,0.7433628318584071,0.7388888888888889,0.41297935103244837
2026,conv_fusion_z_et_0.35,conv_fusion_z_et_0.35,0.7055350553505535,0.7492625368731564,0.7444444444444445,0.40707964601769914
2026,conv_fusion_z_log_0.10,conv_fusion_z_log_0.10,0.6885608856088561,0.7345132743362832,0.7312893081761006,0.4336283185840708
2026,conv_fusion_z_log_0.20,conv_fusion_z_log_0.20,0.6892988929889299,0.7345132743362832,0.730188679245283,0.415929203539823
2026,conv_fusion_z_log_0.35,conv_fusion_z_log_0.35,0.6907749077490775,0.7492625368731564,0.745545073375262,0.4247787610619469
2026,conv_fusion_z_svc_0.10,conv_fusion_z_svc_0.10,0.6885608856088561,0.7345132743362832,0.7312893081761006,0.4336283185840708
2026,conv_fusion_z_svc_0.20,conv_fusion_z_svc_0.20,0.6981549815498155,0.7345132743362832,0.7298218029350105,0.41002949852507375
2026,conv_fusion_z_svc_0.35,conv_fusion_z_svc_0.35,0.6885608856088561,0.7315634218289085,0.7277777777777777,0.4247787610619469
2026,conv_fusion_zp_log_0.10,conv_fusion_zp_log_0.10,0.6878228782287823,0.7374631268436578,0.7340670859538784,0.4306784660766962
2026,conv_fusion_zp_log_0.20,conv_fusion_zp_log_0.20,0.6892988929889299,0.7345132743362832,0.730188679245283,0.415929203539823
2026,conv_fusion_zp_log_0.35,conv_fusion_zp_log_0.35,0.6892988929889299,0.7463126843657817,0.7424004192872118,0.4218289085545723
2026,conv_gate0.008,conv_gate0.008,0.7055350553505535,0.7492625368731564,0.7444444444444445,0.40707964601769914
2026,conv_gate0.012,conv_gate0.012,0.7055350553505535,0.7492625368731564,0.7444444444444445,0.40707964601769914
2026,conv_gate0.016,conv_gate0.016,0.7055350553505535,0.7492625368731564,0.7444444444444445,0.40707964601769914
2026,conv_net,conv_net,0.6516605166051661,0.6607669616519174,0.6431341719077568,0.20648967551622419
2026,conv_svc,conv_svc,0.6819188191881919,0.7197640117994101,0.7166666666666667,0.4365781710914454
2026,conv_z_et,conv_z_et,0.6811808118081181,0.7168141592920354,0.7113207547169811,0.39823008849557523
2026,conv_z_log,conv_z_log,0.6701107011070111,0.7227138643067846,0.7187106918238994,0.4218289085545723
2026,conv_z_svc,conv_z_svc,0.6693726937269373,0.7197640117994101,0.715566037735849,0.41887905604719766
2026,conv_zp_log,conv_zp_log,0.6715867158671587,0.7256637168141593,0.7214884696016771,0.41887905604719766
2026,erp_erp_late_et_l8,erp_erp_late_et_l8,0.6494464944649446,0.7168141592920354,0.7083857442348008,0.35103244837758113
2026,erp_erp_late_lda,erp_erp_late_lda,0.6273062730627307,0.6489675516224189,0.6430293501048219,0.3952802359882006
2026,erp_erp_late_log_c03,erp_erp_late_log_c03,0.6435424354243543,0.6814159292035398,0.6779874213836478,0.4336283185840708
2026,erp_erp_late_log_c08,erp_erp_late_log_c08,0.6280442804428045,0.6578171091445427,0.6553983228511531,0.45132743362831856
2026,erp_erp_late_ridge_a8,erp_erp_late_ridge_a8,0.6059040590405904,0.6460176991150443,0.6439203354297693,0.45722713864306785
2026,erp_erp_late_svc_c07,erp_erp_late_svc_c07,0.6597785977859778,0.7168141592920354,0.710587002096436,0.3864306784660767
2026,oof_rank_mean12,oof_rank_mean12,0.7077490774907749,0.7492625368731564,0.7451781970649896,0.41887905604719766
2026,oof_rank_mean3,oof_rank_mean3,0.7077490774907749,0.7492625368731564,0.7459119496855346,0.4306784660766962
2026,oof_rank_mean5,oof_rank_mean5,0.7129151291512915,0.7492625368731564,0.7451781970649896,0.41887905604719766
2026,oof_rank_mean8,oof_rank_mean8,0.7084870848708487,0.7551622418879056,0.7511006289308175,0.41887905604719766
2026,oof_rank_median12,oof_rank_median12,0.7084870848708487,0.7463126843657817,0.7427672955974842,0.4277286135693215
2026,oof_rank_median3,oof_rank_median3,0.7055350553505535,0.7286135693215339,0.7272012578616351,0.4631268436578171
2026,oof_rank_median5,oof_rank_median5,0.7055350553505535,0.7492625368731564,0.7444444444444445,0.40707964601769914
2026,oof_rank_median8,oof_rank_median8,0.7114391143911439,0.7522123893805309,0.7479559748427673,0.415929203539823
2026,recipe_conv_spec_erp_mean,recipe_conv_spec_erp_mean,0.7033210332103321,0.7404129793510325,0.7364779874213836,0.4218289085545723
2026,recipe_conv_spec_erp_median,recipe_conv_spec_erp_median,0.7033210332103321,0.7404129793510325,0.7364779874213836,0.4218289085545723
2026,recipe_conv_spec_erp_zmean,recipe_conv_spec_erp_zmean,0.7055350553505535,0.7286135693215339,0.7272012578616351,0.4631268436578171
2026,recipe_four_core_mean,recipe_four_core_mean,0.7033210332103321,0.7404129793510325,0.7364779874213836,0.4218289085545723
2026,recipe_four_core_median,recipe_four_core_median,0.7033210332103321,0.7404129793510325,0.7364779874213836,0.4218289085545723
2026,recipe_four_core_zmean,recipe_four_core_zmean,0.7055350553505535,0.7286135693215339,0.7272012578616351,0.4631268436578171
2026,recipe_robust_core_mean,recipe_robust_core_mean,0.7025830258302583,0.7492625368731564,0.7459119496855346,0.4306784660766962
2026,recipe_robust_core_median,recipe_robust_core_median,0.7025830258302583,0.7492625368731564,0.7459119496855346,0.4306784660766962
2026,recipe_robust_core_zmean,recipe_robust_core_zmean,0.7047970479704797,0.7227138643067846,0.7220125786163522,0.4749262536873156
2026,spec_base,spec_base,0.6959409594095941,0.7197640117994101,0.7166666666666667,0.4365781710914454
2026,spec_fusion_spec649_gpu_0.03,spec_fusion_spec649_gpu_0.03,0.6915129151291513,0.7256637168141593,0.7222222222222222,0.4306784660766962
2026,spec_fusion_spec649_gpu_0.05,spec_fusion_spec649_gpu_0.05,0.692250922509225,0.7286135693215339,0.725,0.4277286135693215
2026,spec_fusion_spec649_gpu_0.08,spec_fusion_spec649_gpu_0.08,0.6907749077490775,0.7315634218289085,0.7281446540880503,0.4306784660766962
2026,spec_fusion_spec649_gpu_0.12,spec_fusion_spec649_gpu_0.12,0.6892988929889299,0.7315634218289085,0.7277777777777777,0.4247787610619469
2026,spec_fusion_spec649_gpu_0.18,spec_fusion_spec649_gpu_0.18,0.6833948339483394,0.7286135693215339,0.7242662473794549,0.415929203539823
2026,spec_fusion_spec649_gpu_0.28,spec_fusion_spec649_gpu_0.28,0.6774907749077491,0.6991150442477876,0.6931865828092243,0.39233038348082594
2026,spec_fusion_spec649_gpu_0.35,spec_fusion_spec649_gpu_0.35,0.6487084870848708,0.6755162241887905,0.6676624737945492,0.36283185840707965
2026,spec_fusion_spec649_gpu_0.40,spec_fusion_spec649_gpu_0.40,0.6324723247232472,0.6637168141592921,0.6561844863731656,0.3687315634218289
2026,spec_fusion_spec649_log_c04_0.03,spec_fusion_spec649_log_c04_0.03,0.6952029520295203,0.7256637168141593,0.7222222222222222,0.4306784660766962
2026,spec_fusion_spec649_log_c04_0.05,spec_fusion_spec649_log_c04_0.05,0.6952029520295203,0.7256637168141593,0.7222222222222222,0.4306784660766962
2026,spec_fusion_spec649_log_c04_0.08,spec_fusion_spec649_log_c04_0.08,0.692250922509225,0.7227138643067846,0.7194444444444444,0.4336283185840708
2026,spec_fusion_spec649_log_c04_0.12,spec_fusion_spec649_log_c04_0.12,0.6937269372693727,0.7286135693215339,0.725,0.4277286135693215
2026,spec_fusion_spec649_log_c04_0.18,spec_fusion_spec649_log_c04_0.18,0.6929889298892989,0.7315634218289085,0.7277777777777777,0.4247787610619469
2026,spec_fusion_spec649_log_c04_0.28,spec_fusion_spec649_log_c04_0.28,0.6811808118081181,0.7227138643067846,0.7187106918238994,0.4218289085545723
2026,spec_fusion_spec649_log_c04_0.35,spec_fusion_spec649_log_c04_0.35,0.6752767527675276,0.7197640117994101,0.7159329140461216,0.4247787610619469
2026,spec_fusion_spec649_log_c04_0.40,spec_fusion_spec649_log_c04_0.40,0.6634686346863469,0.7227138643067846,0.7190775681341719,0.4277286135693215
2026,spec_fusion_spec649_log_c08_0.03,spec_fusion_spec649_log_c08_0.03,0.6944649446494465,0.7256637168141593,0.7222222222222222,0.4306784660766962
2026,spec_fusion_spec649_log_c08_0.05,spec_fusion_spec649_log_c08_0.05,0.6944649446494465,0.7256637168141593,0.7222222222222222,0.4306784660766962
2026,spec_fusion_spec649_log_c08_0.08,spec_fusion_spec649_log_c08_0.08,0.6907749077490775,0.7227138643067846,0.7194444444444444,0.4336283185840708
2026,spec_fusion_spec649_log_c08_0.12,spec_fusion_spec649_log_c08_0.12,0.6929889298892989,0.7286135693215339,0.725,0.4277286135693215
2026,spec_fusion_spec649_log_c08_0.18,spec_fusion_spec649_log_c08_0.18,0.6929889298892989,0.7315634218289085,0.7277777777777777,0.4247787610619469
2026,spec_fusion_spec649_log_c08_0.28,spec_fusion_spec649_log_c08_0.28,0.6819188191881919,0.7256637168141593,0.7218553459119497,0.4247787610619469
2026,spec_fusion_spec649_log_c08_0.35,spec_fusion_spec649_log_c08_0.35,0.6686346863468635,0.7197640117994101,0.7162997903563941,0.4306784660766962
2026,spec_fusion_spec649_log_c08_0.40,spec_fusion_spec649_log_c08_0.40,0.659040590405904,0.7050147492625368,0.7024109014675053,0.44542772861356933
2026,spec_fusion_spec649_ridge_a5_0.03,spec_fusion_spec649_ridge_a5_0.03,0.6974169741697417,0.7256637168141593,0.7222222222222222,0.4306784660766962
2026,spec_fusion_spec649_ridge_a5_0.05,spec_fusion_spec649_ridge_a5_0.05,0.6974169741697417,0.7256637168141593,0.7222222222222222,0.4306784660766962
2026,spec_fusion_spec649_ridge_a5_0.08,spec_fusion_spec649_ridge_a5_0.08,0.6981549815498155,0.7256637168141593,0.7222222222222222,0.4306784660766962
2026,spec_fusion_spec649_ridge_a5_0.12,spec_fusion_spec649_ridge_a5_0.12,0.6974169741697417,0.7227138643067846,0.7194444444444444,0.4336283185840708
2026,spec_fusion_spec649_ridge_a5_0.18,spec_fusion_spec649_ridge_a5_0.18,0.6966789667896679,0.7227138643067846,0.7190775681341719,0.4277286135693215
2026,spec_fusion_spec649_ridge_a5_0.28,spec_fusion_spec649_ridge_a5_0.28,0.6907749077490775,0.7168141592920354,0.7135220125786164,0.4336283185840708
2026,spec_fusion_spec649_ridge_a5_0.35,spec_fusion_spec649_ridge_a5_0.35,0.6856088560885609,0.7256637168141593,0.7218553459119497,0.4247787610619469
2026,spec_fusion_spec649_ridge_a5_0.40,spec_fusion_spec649_ridge_a5_0.40,0.6774907749077491,0.7109144542772862,0.7072327044025157,0.4277286135693215
2026,spec_fusion_spec649_svc_c08_0.03,spec_fusion_spec649_svc_c08_0.03,0.6959409594095941,0.7227138643067846,0.7194444444444444,0.4336283185840708
2026,spec_fusion_spec649_svc_c08_0.05,spec_fusion_spec649_svc_c08_0.05,0.6959409594095941,0.7227138643067846,0.7194444444444444,0.4336283185840708
2026,spec_fusion_spec649_svc_c08_0.08,spec_fusion_spec649_svc_c08_0.08,0.6952029520295203,0.7256637168141593,0.7222222222222222,0.4306784660766962
2026,spec_fusion_spec649_svc_c08_0.12,spec_fusion_spec649_svc_c08_0.12,0.6959409594095941,0.7256637168141593,0.7222222222222222,0.4306784660766962
2026,spec_fusion_spec649_svc_c08_0.18,spec_fusion_spec649_svc_c08_0.18,0.6929889298892989,0.7197640117994101,0.7159329140461216,0.4247787610619469
2026,spec_fusion_spec649_svc_c08_0.28,spec_fusion_spec649_svc_c08_0.28,0.6915129151291513,0.7227138643067846,0.7187106918238994,0.4218289085545723
2026,spec_fusion_spec649_svc_c08_0.35,spec_fusion_spec649_svc_c08_0.35,0.692250922509225,0.7197640117994101,0.7151991614255765,0.41297935103244837
2026,spec_fusion_spec649_svc_c08_0.40,spec_fusion_spec649_svc_c08_0.40,0.6944649446494465,0.7227138643067846,0.7179769392033543,0.41002949852507375
2026,spec_spec649_gpu,spec_spec649_gpu,0.5512915129151291,0.5486725663716814,0.544182389937107,0.4247787610619469
2026,spec_spec649_log_c04,spec_spec649_log_c04,0.5505535055350553,0.5781710914454278,0.5737945492662474,0.4247787610619469
2026,spec_spec649_log_c08,spec_spec649_log_c08,0.5527675276752767,0.5899705014749262,0.5863731656184487,0.4365781710914454
2026,spec_spec649_ridge_a5,spec_spec649_ridge_a5,0.5357933579335793,0.528023598820059,0.5269392033542977,0.4808259587020649
2026,spec_spec649_svc_c08,spec_spec649_svc_c08,0.5498154981549815,0.584070796460177,0.5654088050314465,0.19469026548672566
2026,spec_zfusion_spec649_gpu_0.08,spec_zfusion_spec649_gpu_0.08,0.6856088560885609,0.7197640117994101,0.7177672955974843,0.45427728613569324
2026,spec_zfusion_spec649_gpu_0.12,spec_zfusion_spec649_gpu_0.12,0.6841328413284132,0.7197640117994101,0.7177672955974843,0.45427728613569324
2026,spec_zfusion_spec649_gpu_0.18,spec_zfusion_spec649_gpu_0.18,0.6811808118081181,0.7168141592920354,0.7149895178197065,0.45722713864306785
2026,spec_zfusion_spec649_gpu_0.28,spec_zfusion_spec649_gpu_0.28,0.6789667896678967,0.7168141592920354,0.715356394129979,0.4631268436578171
2026,spec_zfusion_spec649_gpu_0.35,spec_zfusion_spec649_gpu_0.35,0.6649446494464945,0.7227138643067846,0.7209119496855345,0.45722713864306785
2026,spec_zfusion_spec649_log_c04_0.08,spec_zfusion_spec649_log_c04_0.08,0.6907749077490775,0.7286135693215339,0.7261006289308176,0.44542772861356933
2026,spec_zfusion_spec649_log_c04_0.12,spec_zfusion_spec649_log_c04_0.12,0.6892988929889299,0.7286135693215339,0.72646750524109,0.45132743362831856
2026,spec_zfusion_spec649_log_c04_0.18,spec_zfusion_spec649_log_c04_0.18,0.6826568265682657,0.7197640117994101,0.7181341719077567,0.46017699115044247
2026,spec_zfusion_spec649_log_c04_0.28,spec_zfusion_spec649_log_c04_0.28,0.6870848708487085,0.7079646017699115,0.7055555555555555,0.44837758112094395
2026,spec_zfusion_spec649_log_c04_0.35,spec_zfusion_spec649_log_c04_0.35,0.6745387453874538,0.7168141592920354,0.7149895178197065,0.45722713864306785
2026,spec_zfusion_spec649_log_c08_0.08,spec_zfusion_spec649_log_c08_0.08,0.692250922509225,0.7256637168141593,0.7233228511530398,0.44837758112094395
2026,spec_zfusion_spec649_log_c08_0.12,spec_zfusion_spec649_log_c08_0.12,0.6892988929889299,0.7315634218289085,0.7292452830188679,0.44837758112094395
2026,spec_zfusion_spec649_log_c08_0.18,spec_zfusion_spec649_log_c08_0.18,0.6833948339483394,0.7256637168141593,0.7236897274633123,0.45427728613569324
2026,spec_zfusion_spec649_log_c08_0.28,spec_zfusion_spec649_log_c08_0.28,0.6833948339483394,0.7079646017699115,0.7059224318658281,0.45427728613569324
2026,spec_zfusion_spec649_log_c08_0.35,spec_zfusion_spec649_log_c08_0.35,0.6715867158671587,0.7109144542772862,0.7094339622641509,0.4631268436578171
2026,spec_zfusion_spec649_ridge_a5_0.08,spec_zfusion_spec649_ridge_a5_0.08,0.6885608856088561,0.7197640117994101,0.7177672955974843,0.45427728613569324
2026,spec_zfusion_spec649_ridge_a5_0.12,spec_zfusion_spec649_ridge_a5_0.12,0.6892988929889299,0.7168141592920354,0.7149895178197065,0.45722713864306785
2026,spec_zfusion_spec649_ridge_a5_0.18,spec_zfusion_spec649_ridge_a5_0.18,0.6885608856088561,0.7138643067846607,0.7129454926624738,0.471976401179941
2026,spec_zfusion_spec649_ridge_a5_0.28,spec_zfusion_spec649_ridge_a5_0.28,0.6826568265682657,0.7138643067846607,0.7122117400419288,0.46017699115044247
2026,spec_zfusion_spec649_ridge_a5_0.35,spec_zfusion_spec649_ridge_a5_0.35,0.6730627306273063,0.7168141592920354,0.7160901467505241,0.4749262536873156
2026,spec_zfusion_spec649_svc_c08_0.08,spec_zfusion_spec649_svc_c08_0.08,0.6863468634686347,0.7109144542772862,0.7090670859538784,0.45722713864306785
2026,spec_zfusion_spec649_svc_c08_0.12,spec_zfusion_spec649_svc_c08_0.12,0.6819188191881919,0.7079646017699115,0.7059224318658281,0.45427728613569324
2026,spec_zfusion_spec649_svc_c08_0.18,spec_zfusion_spec649_svc_c08_0.18,0.6811808118081181,0.7050147492625368,0.7035115303983228,0.4631268436578171
2026,spec_zfusion_spec649_svc_c08_0.28,spec_zfusion_spec649_svc_c08_0.28,0.6730627306273063,0.6991150442477876,0.6972222222222222,0.45722713864306785
2026,spec_zfusion_spec649_svc_c08_0.35,spec_zfusion_spec649_svc_c08_0.35,0.6693726937269373,0.696165191740413,0.6940775681341719,0.45427728613569324
2026,stack_lda,stack_lda,0.6996309963099631,0.7433628318584071,0.7363207547169811,0.37168141592920356
2026,stack_log_c003,stack_log_c003,0.6988929889298893,0.7433628318584071,0.7399895178197065,0.4306784660766962
2026,stack_log_c01,stack_log_c01,0.6996309963099631,0.7404129793510325,0.7361111111111112,0.415929203539823
2027,conv_fusion_net_0.10,conv_fusion_net_0.10,0.6952029520295203,0.7256637168141593,0.720020964360587,0.3952802359882006
2027,conv_fusion_net_0.20,conv_fusion_net_0.20,0.7040590405904059,0.7463126843657817,0.7405660377358491,0.39233038348082594
2027,conv_fusion_net_0.35,conv_fusion_net_0.35,0.6863468634686347,0.7079646017699115,0.7018867924528303,0.3893805309734513
2027,conv_fusion_z_et_0.10,conv_fusion_z_et_0.10,0.6959409594095941,0.7256637168141593,0.7203878406708595,0.40117994100294985
2027,conv_fusion_z_et_0.20,conv_fusion_z_et_0.20,0.7062730627306273,0.7374631268436578,0.7311320754716981,0.3834808259587021
2027,conv_fusion_z_et_0.35,conv_fusion_z_et_0.35,0.6996309963099631,0.7197640117994101,0.7137316561844864,0.3893805309734513
2027,conv_fusion_z_log_0.10,conv_fusion_z_log_0.10,0.6944649446494465,0.7256637168141593,0.7203878406708595,0.40117994100294985
2027,conv_fusion_z_log_0.20,conv_fusion_z_log_0.20,0.7033210332103321,0.7433628318584071,0.7374213836477987,0.3893805309734513
2027,conv_fusion_z_log_0.35,conv_fusion_z_log_0.35,0.6915129151291513,0.7079646017699115,0.7022536687631027,0.3952802359882006
2027,conv_fusion_z_svc_0.10,conv_fusion_z_svc_0.10,0.6952029520295203,0.7256637168141593,0.7203878406708595,0.40117994100294985
2027,conv_fusion_z_svc_0.20,conv_fusion_z_svc_0.20,0.7062730627306273,0.7433628318584071,0.7374213836477987,0.3893805309734513
2027,conv_fusion_z_svc_0.35,conv_fusion_z_svc_0.35,0.6856088560885609,0.7050147492625368,0.70020964360587,0.41002949852507375
2027,conv_fusion_zp_log_0.10,conv_fusion_zp_log_0.10,0.6944649446494465,0.7256637168141593,0.7203878406708595,0.40117994100294985
2027,conv_fusion_zp_log_0.20,conv_fusion_zp_log_0.20,0.7033210332103321,0.7433628318584071,0.7374213836477987,0.3893805309734513
2027,conv_fusion_zp_log_0.35,conv_fusion_zp_log_0.35,0.6878228782287823,0.7079646017699115,0.7022536687631027,0.3952802359882006
2027,conv_gate0.008,conv_gate0.008,0.7062730627306273,0.7433628318584071,0.7374213836477987,0.3893805309734513
2027,conv_gate0.012,conv_gate0.012,0.7062730627306273,0.7433628318584071,0.7374213836477987,0.3893805309734513
2027,conv_gate0.016,conv_gate0.016,0.7062730627306273,0.7433628318584071,0.7374213836477987,0.3893805309734513
2027,conv_net,conv_net,0.6501845018450184,0.6637168141592921,0.659853249475891,0.4277286135693215
2027,conv_svc,conv_svc,0.6833948339483394,0.7286135693215339,0.7238993710691823,0.41002949852507375
2027,conv_z_et,conv_z_et,0.6715867158671587,0.6873156342182891,0.6831761006289307,0.4218289085545723
2027,conv_z_log,conv_z_log,0.6605166051660517,0.6843657817109144,0.6814989517819706,0.4424778761061947
2027,conv_z_svc,conv_z_svc,0.6678966789667896,0.6902654867256637,0.6874213836477987,0.4424778761061947
2027,conv_zp_log,conv_zp_log,0.6612546125461255,0.6843657817109144,0.6811320754716981,0.4365781710914454
2027,erp_erp_late_et_l8,erp_erp_late_et_l8,0.6819188191881919,0.672566371681416,0.665251572327044,0.37168141592920356
2027,erp_erp_late_lda,erp_erp_late_lda,0.6273062730627307,0.6755162241887905,0.6716981132075471,0.4277286135693215
2027,erp_erp_late_log_c03,erp_erp_late_log_c03,0.6309963099630996,0.6755162241887905,0.6724318658280922,0.43952802359882004
2027,erp_erp_late_log_c08,erp_erp_late_log_c08,0.6169741697416974,0.6696165191740413,0.6672431865828092,0.45132743362831856
2027,erp_erp_late_ridge_a8,erp_erp_late_ridge_a8,0.5830258302583026,0.6342182890855457,0.6331761006289308,0.4749262536873156
2027,erp_erp_late_svc_c07,erp_erp_late_svc_c07,0.6723247232472325,0.6932153392330384,0.6890985324947589,0.4218289085545723
2027,oof_rank_mean12,oof_rank_mean12,0.7107011070110701,0.7433628318584071,0.7388888888888889,0.41297935103244837
2027,oof_rank_mean3,oof_rank_mean3,0.7129151291512915,0.7404129793510325,0.7357442348008385,0.41002949852507375
2027,oof_rank_mean5,oof_rank_mean5,0.7121771217712177,0.7463126843657817,0.7416666666666667,0.41002949852507375
2027,oof_rank_mean8,oof_rank_mean8,0.7158671586715867,0.7433628318584071,0.7385220125786163,0.40707964601769914
2027,oof_rank_median12,oof_rank_median12,0.7114391143911439,0.7374631268436578,0.7333333333333334,0.41887905604719766
2027,oof_rank_median3,oof_rank_median3,0.7129151291512915,0.7492625368731564,0.7451781970649896,0.41887905604719766
2027,oof_rank_median5,oof_rank_median5,0.7173431734317344,0.7492625368731564,0.7448113207547169,0.41297935103244837
2027,oof_rank_median8,oof_rank_median8,0.7121771217712177,0.7315634218289085,0.7270440251572328,0.41297935103244837
2027,recipe_conv_spec_erp_mean,recipe_conv_spec_erp_mean,0.7099630996309964,0.7315634218289085,0.7270440251572328,0.41297935103244837
2027,recipe_conv_spec_erp_median,recipe_conv_spec_erp_median,0.7099630996309964,0.7315634218289085,0.7270440251572328,0.41297935103244837
2027,recipe_conv_spec_erp_zmean,recipe_conv_spec_erp_zmean,0.7055350553505535,0.7374631268436578,0.7348008385744235,0.4424778761061947
2027,recipe_four_core_mean,recipe_four_core_mean,0.7099630996309964,0.7315634218289085,0.7270440251572328,0.41297935103244837
2027,recipe_four_core_median,recipe_four_core_median,0.7099630996309964,0.7315634218289085,0.7270440251572328,0.41297935103244837
2027,recipe_four_core_zmean,recipe_four_core_zmean,0.7055350553505535,0.7374631268436578,0.7348008385744235,0.4424778761061947
2027,recipe_robust_core_mean,recipe_robust_core_mean,0.7092250922509226,0.7315634218289085,0.7274109014675052,0.41887905604719766
2027,recipe_robust_core_median,recipe_robust_core_median,0.7092250922509226,0.7315634218289085,0.7274109014675052,0.41887905604719766
2027,recipe_robust_core_zmean,recipe_robust_core_zmean,0.7077490774907749,0.7315634218289085,0.7288784067085954,0.4424778761061947
2027,spec_base,spec_base,0.6929889298892989,0.7286135693215339,0.7238993710691823,0.41002949852507375
2027,spec_fusion_spec649_gpu_0.03,spec_fusion_spec649_gpu_0.03,0.6915129151291513,0.7315634218289085,0.7266771488469601,0.40707964601769914
2027,spec_fusion_spec649_gpu_0.05,spec_fusion_spec649_gpu_0.05,0.6952029520295203,0.7286135693215339,0.7235324947589099,0.40412979351032446
2027,spec_fusion_spec649_gpu_0.08,spec_fusion_spec649_gpu_0.08,0.6944649446494465,0.7256637168141593,0.7203878406708595,0.40117994100294985
2027,spec_fusion_spec649_gpu_0.12,spec_fusion_spec649_gpu_0.12,0.6907749077490775,0.7256637168141593,0.720020964360587,0.3952802359882006
2027,spec_fusion_spec649_gpu_0.18,spec_fusion_spec649_gpu_0.18,0.6797047970479705,0.7256637168141593,0.719287211740042,0.3834808259587021
2027,spec_fusion_spec649_gpu_0.28,spec_fusion_spec649_gpu_0.28,0.6730627306273063,0.7286135693215339,0.7216981132075472,0.3746312684365782
2027,spec_fusion_spec649_gpu_0.35,spec_fusion_spec649_gpu_0.35,0.6583025830258302,0.7050147492625368,0.6980083857442347,0.3746312684365782
2027,spec_fusion_spec649_gpu_0.40,spec_fusion_spec649_gpu_0.40,0.6383763837638377,0.672566371681416,0.665251572327044,0.37168141592920356
2027,spec_fusion_spec649_log_c04_0.03,spec_fusion_spec649_log_c04_0.03,0.6952029520295203,0.7315634218289085,0.7270440251572328,0.41297935103244837
2027,spec_fusion_spec649_log_c04_0.05,spec_fusion_spec649_log_c04_0.05,0.6944649446494465,0.7315634218289085,0.7270440251572328,0.41297935103244837
2027,spec_fusion_spec649_log_c04_0.08,spec_fusion_spec649_log_c04_0.08,0.6952029520295203,0.7315634218289085,0.7266771488469601,0.40707964601769914
2027,spec_fusion_spec649_log_c04_0.12,spec_fusion_spec649_log_c04_0.12,0.6981549815498155,0.7256637168141593,0.7207547169811321,0.40707964601769914
2027,spec_fusion_spec649_log_c04_0.18,spec_fusion_spec649_log_c04_0.18,0.6974169741697417,0.7168141592920354,0.7109538784067087,0.39233038348082594
2027,spec_fusion_spec649_log_c04_0.28,spec_fusion_spec649_log_c04_0.28,0.6959409594095941,0.7315634218289085,0.7255765199161426,0.3893805309734513
2027,spec_fusion_spec649_log_c04_0.35,spec_fusion_spec649_log_c04_0.35,0.6878228782287823,0.7345132743362832,0.7290880503144654,0.39823008849557523
2027,spec_fusion_spec649_log_c04_0.40,spec_fusion_spec649_log_c04_0.40,0.6819188191881919,0.7345132743362832,0.7298218029350105,0.41002949852507375
2027,spec_fusion_spec649_log_c08_0.03,spec_fusion_spec649_log_c08_0.03,0.6944649446494465,0.7345132743362832,0.730188679245283,0.415929203539823
2027,spec_fusion_spec649_log_c08_0.05,spec_fusion_spec649_log_c08_0.05,0.6952029520295203,0.7345132743362832,0.7298218029350105,0.41002949852507375
2027,spec_fusion_spec649_log_c08_0.08,spec_fusion_spec649_log_c08_0.08,0.6974169741697417,0.7286135693215339,0.7238993710691823,0.41002949852507375
2027,spec_fusion_spec649_log_c08_0.12,spec_fusion_spec649_log_c08_0.12,0.6988929889298893,0.7197640117994101,0.714832285115304,0.40707964601769914
2027,spec_fusion_spec649_log_c08_0.18,spec_fusion_spec649_log_c08_0.18,0.6944649446494465,0.7168141592920354,0.7113207547169811,0.39823008849557523
2027,spec_fusion_spec649_log_c08_0.28,spec_fusion_spec649_log_c08_0.28,0.6900369003690037,0.7345132743362832,0.7290880503144654,0.39823008849557523
2027,spec_fusion_spec649_log_c08_0.35,spec_fusion_spec649_log_c08_0.35,0.6885608856088561,0.7374631268436578,0.7325995807127883,0.40707964601769914
2027,spec_fusion_spec649_log_c08_0.40,spec_fusion_spec649_log_c08_0.40,0.6708487084870849,0.7315634218289085,0.7266771488469601,0.40707964601769914
2027,spec_fusion_spec649_ridge_a5_0.03,spec_fusion_spec649_ridge_a5_0.03,0.6952029520295203,0.7345132743362832,0.730188679245283,0.415929203539823
2027,spec_fusion_spec649_ridge_a5_0.05,spec_fusion_spec649_ridge_a5_0.05,0.6966789667896679,0.7315634218289085,0.7270440251572328,0.41297935103244837
2027,spec_fusion_spec649_ridge_a5_0.08,spec_fusion_spec649_ridge_a5_0.08,0.6974169741697417,0.7345132743362832,0.730188679245283,0.415929203539823
2027,spec_fusion_spec649_ridge_a5_0.12,spec_fusion_spec649_ridge_a5_0.12,0.6996309963099631,0.7197640117994101,0.714832285115304,0.40707964601769914
2027,spec_fusion_spec649_ridge_a5_0.18,spec_fusion_spec649_ridge_a5_0.18,0.7018450184501845,0.7168141592920354,0.7113207547169811,0.39823008849557523
2027,spec_fusion_spec649_ridge_a5_0.28,spec_fusion_spec649_ridge_a5_0.28,0.6907749077490775,0.7109144542772862,0.7050314465408805,0.39233038348082594
2027,spec_fusion_spec649_ridge_a5_0.35,spec_fusion_spec649_ridge_a5_0.35,0.6863468634686347,0.7138643067846607,0.7078092243186582,0.3893805309734513
2027,spec_fusion_spec649_ridge_a5_0.40,spec_fusion_spec649_ridge_a5_0.40,0.6833948339483394,0.7197640117994101,0.7140985324947589,0.3952802359882006
2027,spec_fusion_spec649_svc_c08_0.03,spec_fusion_spec649_svc_c08_0.03,0.6944649446494465,0.7315634218289085,0.7266771488469601,0.40707964601769914
2027,spec_fusion_spec649_svc_c08_0.05,spec_fusion_spec649_svc_c08_0.05,0.6944649446494465,0.7315634218289085,0.7266771488469601,0.40707964601769914
2027,spec_fusion_spec649_svc_c08_0.08,spec_fusion_spec649_svc_c08_0.08,0.6944649446494465,0.7315634218289085,0.7266771488469601,0.40707964601769914
2027,spec_fusion_spec649_svc_c08_0.12,spec_fusion_spec649_svc_c08_0.12,0.6937269372693727,0.7286135693215339,0.7235324947589099,0.40412979351032446
2027,spec_fusion_spec649_svc_c08_0.18,spec_fusion_spec649_svc_c08_0.18,0.6959409594095941,0.7197640117994101,0.7140985324947589,0.3952802359882006
2027,spec_fusion_spec649_svc_c08_0.28,spec_fusion_spec649_svc_c08_0.28,0.6944649446494465,0.7168141592920354,0.7109538784067087,0.39233038348082594
2027,spec_fusion_spec649_svc_c08_0.35,spec_fusion_spec649_svc_c08_0.35,0.6952029520295203,0.7168141592920354,0.7109538784067087,0.39233038348082594
2027,spec_fusion_spec649_svc_c08_0.40,spec_fusion_spec649_svc_c08_0.40,0.6937269372693727,0.7168141592920354,0.7102201257861636,0.3805309734513274
2027,spec_spec649_gpu,spec_spec649_gpu,0.5239852398523985,0.56047197640118,0.5567610062893082,0.4365781710914454
2027,spec_spec649_log_c04,spec_spec649_log_c04,0.5365313653136531,0.5781710914454278,0.5752620545073375,0.44837758112094395
2027,spec_spec649_log_c08,spec_spec649_log_c08,0.5291512915129152,0.5634218289085545,0.5617400419287212,0.4690265486725664
2027,spec_spec649_ridge_a5,spec_spec649_ridge_a5,0.5343173431734317,0.584070796460177,0.5826519916142557,0.471976401179941
2027,spec_spec649_svc_c08,spec_spec649_svc_c08,0.5520295202952029,0.5634218289085545,0.5411949685534592,0.13864306784660768
2027,spec_zfusion_spec649_gpu_0.08,spec_zfusion_spec649_gpu_0.08,0.6819188191881919,0.7197640117994101,0.7170335429769392,0.4424778761061947
2027,spec_zfusion_spec649_gpu_0.12,spec_zfusion_spec649_gpu_0.12,0.6797047970479705,0.7109144542772862,0.7087002096436059,0.45132743362831856
2027,spec_zfusion_spec649_gpu_0.18,spec_zfusion_spec649_gpu_0.18,0.6826568265682657,0.7050147492625368,0.7024109014675053,0.44542772861356933
2027,spec_zfusion_spec649_gpu_0.28,spec_zfusion_spec649_gpu_0.28,0.6833948339483394,0.7020648967551623,0.6992662473794549,0.4424778761061947
2027,spec_zfusion_spec649_gpu_0.35,spec_zfusion_spec649_gpu_0.35,0.6797047970479705,0.7050147492625368,0.7016771488469602,0.4336283185840708
2027,spec_zfusion_spec649_log_c04_0.08,spec_zfusion_spec649_log_c04_0.08,0.6826568265682657,0.7168141592920354,0.7146226415094339,0.45132743362831856
2027,spec_zfusion_spec649_log_c04_0.12,spec_zfusion_spec649_log_c04_0.12,0.6878228782287823,0.7138643067846607,0.7118448637316561,0.45427728613569324
2027,spec_zfusion_spec649_log_c04_0.18,spec_zfusion_spec649_log_c04_0.18,0.6885608856088561,0.7109144542772862,0.7083333333333333,0.44542772861356933
2027,spec_zfusion_spec649_log_c04_0.28,spec_zfusion_spec649_log_c04_0.28,0.6907749077490775,0.7315634218289085,0.7288784067085954,0.4424778761061947
2027,spec_zfusion_spec649_log_c04_0.35,spec_zfusion_spec649_log_c04_0.35,0.6856088560885609,0.7345132743362832,0.7305555555555555,0.4218289085545723
2027,spec_zfusion_spec649_log_c08_0.08,spec_zfusion_spec649_log_c08_0.08,0.6841328413284132,0.7227138643067846,0.7201781970649894,0.44542772861356933
2027,spec_zfusion_spec649_log_c08_0.12,spec_zfusion_spec649_log_c08_0.12,0.6863468634686347,0.7168141592920354,0.7149895178197065,0.45722713864306785
2027,spec_zfusion_spec649_log_c08_0.18,spec_zfusion_spec649_log_c08_0.18,0.6863468634686347,0.7138643067846607,0.7118448637316561,0.45427728613569324
2027,spec_zfusion_spec649_log_c08_0.28,spec_zfusion_spec649_log_c08_0.28,0.6952029520295203,0.7286135693215339,0.7257337526205451,0.43952802359882004
2027,spec_zfusion_spec649_log_c08_0.35,spec_zfusion_spec649_log_c08_0.35,0.6826568265682657,0.7345132743362832,0.7305555555555555,0.4218289085545723
2027,spec_zfusion_spec649_ridge_a5_0.08,spec_zfusion_spec649_ridge_a5_0.08,0.6804428044280443,0.7256637168141593,0.7229559748427673,0.4424778761061947
2027,spec_zfusion_spec649_ridge_a5_0.12,spec_zfusion_spec649_ridge_a5_0.12,0.6826568265682657,0.7315634218289085,0.7292452830188679,0.44837758112094395
2027,spec_zfusion_spec649_ridge_a5_0.18,spec_zfusion_spec649_ridge_a5_0.18,0.6826568265682657,0.7197640117994101,0.7177672955974843,0.45427728613569324
2027,spec_zfusion_spec649_ridge_a5_0.28,spec_zfusion_spec649_ridge_a5_0.28,0.6929889298892989,0.7315634218289085,0.7292452830188679,0.44837758112094395
2027,spec_zfusion_spec649_ridge_a5_0.35,spec_zfusion_spec649_ridge_a5_0.35,0.6848708487084871,0.7227138643067846,0.7201781970649894,0.44542772861356933
2027,spec_zfusion_spec649_svc_c08_0.08,spec_zfusion_spec649_svc_c08_0.08,0.6804428044280443,0.7227138643067846,0.719811320754717,0.43952802359882004
2027,spec_zfusion_spec649_svc_c08_0.12,spec_zfusion_spec649_svc_c08_0.12,0.6856088560885609,0.7227138643067846,0.719811320754717,0.43952802359882004
2027,spec_zfusion_spec649_svc_c08_0.18,spec_zfusion_spec649_svc_c08_0.18,0.6833948339483394,0.7256637168141593,0.7222222222222222,0.4306784660766962
2027,spec_zfusion_spec649_svc_c08_0.28,spec_zfusion_spec649_svc_c08_0.28,0.6819188191881919,0.7168141592920354,0.7127882599580713,0.4218289085545723
2027,spec_zfusion_spec649_svc_c08_0.35,spec_zfusion_spec649_svc_c08_0.35,0.6767527675276753,0.7050147492625368,0.7013102725366875,0.4277286135693215
2027,stack_lda,stack_lda,0.7143911439114391,0.7433628318584071,0.7370545073375262,0.3834808259587021
2027,stack_log_c003,stack_log_c003,0.7173431734317344,0.7551622418879056,0.7514675052410902,0.4247787610619469
2027,stack_log_c01,stack_log_c01,0.7114391143911439,0.7551622418879056,0.7514675052410902,0.4247787610619469
2028,conv_fusion_net_0.10,conv_fusion_net_0.10,0.7040590405904059,0.6784660766961652,0.6785115303983229,0.4896755162241888
2028,conv_fusion_net_0.20,conv_fusion_net_0.20,0.7040590405904059,0.6637168141592921,0.6627882599580712,0.4749262536873156
2028,conv_fusion_net_0.35,conv_fusion_net_0.35,0.6959409594095941,0.6637168141592921,0.6609538784067086,0.44542772861356933
2028,conv_fusion_z_et_0.10,conv_fusion_z_et_0.10,0.7011070110701108,0.6784660766961652,0.6788784067085953,0.49557522123893805
2028,conv_fusion_z_et_0.20,conv_fusion_z_et_0.20,0.7018450184501845,0.672566371681416,0.6733228511530398,0.5014749262536873
2028,conv_fusion_z_et_0.35,conv_fusion_z_et_0.35,0.7018450184501845,0.6637168141592921,0.6624213836477988,0.4690265486725664
2028,conv_fusion_z_log_0.10,conv_fusion_z_log_0.10,0.7033210332103321,0.6784660766961652,0.6788784067085953,0.49557522123893805
2028,conv_fusion_z_log_0.20,conv_fusion_z_log_0.20,0.7033210332103321,0.6696165191740413,0.6694444444444445,0.48672566371681414
2028,conv_fusion_z_log_0.35,conv_fusion_z_log_0.35,0.6988929889298893,0.6637168141592921,0.6616876310272537,0.45722713864306785
2028,conv_fusion_z_svc_0.10,conv_fusion_z_svc_0.10,0.7040590405904059,0.6784660766961652,0.6788784067085953,0.49557522123893805
2028,conv_fusion_z_svc_0.20,conv_fusion_z_svc_0.20,0.7033210332103321,0.6696165191740413,0.6690775681341719,0.4808259587020649
2028,conv_fusion_z_svc_0.35,conv_fusion_z_svc_0.35,0.7003690036900369,0.6460176991150443,0.644287211740042,0.4631268436578171
2028,conv_fusion_zp_log_0.10,conv_fusion_zp_log_0.10,0.7025830258302583,0.6784660766961652,0.6788784067085953,0.49557522123893805
2028,conv_fusion_zp_log_0.20,conv_fusion_zp_log_0.20,0.7025830258302583,0.6637168141592921,0.6631551362683439,0.4808259587020649
2028,conv_fusion_zp_log_0.35,conv_fusion_zp_log_0.35,0.7003690036900369,0.6637168141592921,0.6616876310272537,0.45722713864306785
2028,conv_gate0.008,conv_gate0.008,0.6974169741697417,0.6902654867256637,0.6899895178197064,0.4837758112094395
2028,conv_gate0.012,conv_gate0.012,0.6974169741697417,0.6902654867256637,0.6899895178197064,0.4837758112094395
2028,conv_gate0.016,conv_gate0.016,0.6974169741697417,0.6902654867256637,0.6899895178197064,0.4837758112094395
2028,conv_net,conv_net,0.6627306273062731,0.6666666666666666,0.6618972746331238,0.41297935103244837
2028,conv_svc,conv_svc,0.6974169741697417,0.6902654867256637,0.6899895178197064,0.4837758112094395
2028,conv_z_et,conv_z_et,0.666420664206642,0.6607669616519174,0.6589098532494759,0.46017699115044247
2028,conv_z_log,conv_z_log,0.6701107011070111,0.6548672566371682,0.6522536687631026,0.44837758112094395
2028,conv_z_svc,conv_z_svc,0.6612546125461255,0.6666666666666666,0.6633647798742138,0.4365781710914454
2028,conv_zp_log,conv_zp_log,0.6708487084870849,0.6578171091445427,0.6550314465408804,0.44542772861356933
2028,erp_erp_late_et_l8,erp_erp_late_et_l8,0.6745387453874538,0.6460176991150443,0.6420859538784067,0.4277286135693215
2028,erp_erp_late_lda,erp_erp_late_lda,0.633210332103321,0.6460176991150443,0.6468553459119497,0.504424778761062
2028,erp_erp_late_log_c03,erp_erp_late_log_c03,0.6435424354243543,0.6253687315634219,0.6277777777777778,0.5309734513274337
2028,erp_erp_late_log_c08,erp_erp_late_log_c08,0.6376383763837639,0.6194690265486725,0.6233228511530398,0.5545722713864307
2028,erp_erp_late_ridge_a8,erp_erp_late_ridge_a8,0.6007380073800738,0.6135693215339233,0.6166666666666667,0.5427728613569321
2028,erp_erp_late_svc_c07,erp_erp_late_svc_c07,0.6686346863468635,0.6607669616519174,0.6611111111111111,0.49557522123893805
2028,oof_rank_mean12,oof_rank_mean12,0.7121771217712177,0.6932153392330384,0.6931341719077568,0.48672566371681414
2028,oof_rank_mean3,oof_rank_mean3,0.7107011070110701,0.696165191740413,0.696278825995807,0.4896755162241888
2028,oof_rank_mean5,oof_rank_mean5,0.7107011070110701,0.696165191740413,0.6959119496855346,0.4837758112094395
2028,oof_rank_mean8,oof_rank_mean8,0.7107011070110701,0.6991150442477876,0.6990566037735848,0.48672566371681414
2028,oof_rank_median12,oof_rank_median12,0.7143911439114391,0.6932153392330384,0.6916666666666667,0.4631268436578171
2028,oof_rank_median3,oof_rank_median3,0.7180811808118082,0.6902654867256637,0.6888888888888889,0.46607669616519176
2028,oof_rank_median5,oof_rank_median5,0.7180811808118082,0.6932153392330384,0.6916666666666667,0.4631268436578171
2028,oof_rank_median8,oof_rank_median8,0.7151291512915129,0.6932153392330384,0.6916666666666667,0.4631268436578171
2028,recipe_conv_spec_erp_mean,recipe_conv_spec_erp_mean,0.7055350553505535,0.696165191740413,0.6970125786163521,0.5014749262536873
2028,recipe_conv_spec_erp_median,recipe_conv_spec_erp_median,0.7055350553505535,0.696165191740413,0.6970125786163521,0.5014749262536873
2028,recipe_conv_spec_erp_zmean,recipe_conv_spec_erp_zmean,0.7070110701107011,0.6784660766961652,0.6810796645702306,0.5309734513274337
2028,recipe_four_core_mean,recipe_four_core_mean,0.7055350553505535,0.696165191740413,0.6970125786163521,0.5014749262536873
2028,recipe_four_core_median,recipe_four_core_median,0.7055350553505535,0.696165191740413,0.6970125786163521,0.5014749262536873
2028,recipe_four_core_zmean,recipe_four_core_zmean,0.7070110701107011,0.6784660766961652,0.6810796645702306,0.5309734513274337
2028,recipe_robust_core_mean,recipe_robust_core_mean,0.7047970479704797,0.7079646017699115,0.7081236897274633,0.4896755162241888
2028,recipe_robust_core_median,recipe_robust_core_median,0.7047970479704797,0.7079646017699115,0.7081236897274633,0.4896755162241888
2028,recipe_robust_core_zmean,recipe_robust_core_zmean,0.7047970479704797,0.7020648967551623,0.7047693920335429,0.5309734513274337
2028,spec_base,spec_base,0.7033210332103321,0.6902654867256637,0.6899895178197064,0.4837758112094395
2028,spec_fusion_spec649_gpu_0.03,spec_fusion_spec649_gpu_0.03,0.7047970479704797,0.6902654867256637,0.6892557651991614,0.471976401179941
2028,spec_fusion_spec649_gpu_0.05,spec_fusion_spec649_gpu_0.05,0.7092250922509226,0.6932153392330384,0.6920335429769392,0.4690265486725664
2028,spec_fusion_spec649_gpu_0.08,spec_fusion_spec649_gpu_0.08,0.7047970479704797,0.6814159292035398,0.6798218029350105,0.4631268436578171
2028,spec_fusion_spec649_gpu_0.12,spec_fusion_spec649_gpu_0.12,0.7018450184501845,0.6814159292035398,0.6798218029350105,0.4631268436578171
2028,spec_fusion_spec649_gpu_0.18,spec_fusion_spec649_gpu_0.18,0.6966789667896679,0.6991150442477876,0.6979559748427673,0.4690265486725664
2028,spec_fusion_spec649_gpu_0.28,spec_fusion_spec649_gpu_0.28,0.6937269372693727,0.696165191740413,0.694811320754717,0.46607669616519176
2028,spec_fusion_spec649_gpu_0.35,spec_fusion_spec649_gpu_0.35,0.6701107011070111,0.696165191740413,0.6940775681341719,0.45427728613569324
2028,spec_fusion_spec649_gpu_0.40,spec_fusion_spec649_gpu_0.40,0.6560885608856089,0.7050147492625368,0.7027777777777777,0.45132743362831856
2028,spec_fusion_spec649_log_c04_0.03,spec_fusion_spec649_log_c04_0.03,0.7047970479704797,0.6873156342182891,0.6868448637316562,0.4808259587020649
2028,spec_fusion_spec649_log_c04_0.05,spec_fusion_spec649_log_c04_0.05,0.7070110701107011,0.6902654867256637,0.689622641509434,0.4778761061946903
2028,spec_fusion_spec649_log_c04_0.08,spec_fusion_spec649_log_c04_0.08,0.7121771217712177,0.6873156342182891,0.6861111111111111,0.4690265486725664
2028,spec_fusion_spec649_log_c04_0.12,spec_fusion_spec649_log_c04_0.12,0.7136531365313653,0.696165191740413,0.6951781970649895,0.471976401179941
2028,spec_fusion_spec649_log_c04_0.18,spec_fusion_spec649_log_c04_0.18,0.7092250922509226,0.6902654867256637,0.6888888888888889,0.46607669616519176
2028,spec_fusion_spec649_log_c04_0.28,spec_fusion_spec649_log_c04_0.28,0.7040590405904059,0.7050147492625368,0.7038784067085954,0.4690265486725664
2028,spec_fusion_spec649_log_c04_0.35,spec_fusion_spec649_log_c04_0.35,0.6966789667896679,0.7286135693215339,0.7272012578616351,0.4631268436578171
2028,spec_fusion_spec649_log_c04_0.40,spec_fusion_spec649_log_c04_0.40,0.6856088560885609,0.7256637168141593,0.7244234800838574,0.46607669616519176
2028,spec_fusion_spec649_log_c08_0.03,spec_fusion_spec649_log_c08_0.03,0.7047970479704797,0.6843657817109144,0.6837002096436058,0.4778761061946903
2028,spec_fusion_spec649_log_c08_0.05,spec_fusion_spec649_log_c08_0.05,0.7084870848708487,0.6873156342182891,0.6861111111111111,0.4690265486725664
2028,spec_fusion_spec649_log_c08_0.08,spec_fusion_spec649_log_c08_0.08,0.7129151291512915,0.696165191740413,0.6944444444444444,0.46017699115044247
2028,spec_fusion_spec649_log_c08_0.12,spec_fusion_spec649_log_c08_0.12,0.7129151291512915,0.6932153392330384,0.6920335429769392,0.4690265486725664
2028,spec_fusion_spec649_log_c08_0.18,spec_fusion_spec649_log_c08_0.18,0.7084870848708487,0.7020648967551623,0.7003668763102725,0.46017699115044247
2028,spec_fusion_spec649_log_c08_0.28,spec_fusion_spec649_log_c08_0.28,0.7003690036900369,0.7227138643067846,0.7220125786163522,0.4749262536873156
2028,spec_fusion_spec649_log_c08_0.35,spec_fusion_spec649_log_c08_0.35,0.6892988929889299,0.7256637168141593,0.7244234800838574,0.46607669616519176
2028,spec_fusion_spec649_log_c08_0.40,spec_fusion_spec649_log_c08_0.40,0.6811808118081181,0.7256637168141593,0.72479035639413,0.471976401179941
2028,spec_fusion_spec649_ridge_a5_0.03,spec_fusion_spec649_ridge_a5_0.03,0.7062730627306273,0.6843657817109144,0.6837002096436058,0.4778761061946903
2028,spec_fusion_spec649_ridge_a5_0.05,spec_fusion_spec649_ridge_a5_0.05,0.7070110701107011,0.6932153392330384,0.6924004192872117,0.4749262536873156
2028,spec_fusion_spec649_ridge_a5_0.08,spec_fusion_spec649_ridge_a5_0.08,0.7092250922509226,0.6873156342182891,0.6861111111111111,0.4690265486725664
2028,spec_fusion_spec649_ridge_a5_0.12,spec_fusion_spec649_ridge_a5_0.12,0.7136531365313653,0.6902654867256637,0.6885220125786163,0.46017699115044247
2028,spec_fusion_spec649_ridge_a5_0.18,spec_fusion_spec649_ridge_a5_0.18,0.7107011070110701,0.696165191740413,0.694811320754717,0.46607669616519176
2028,spec_fusion_spec649_ridge_a5_0.28,spec_fusion_spec649_ridge_a5_0.28,0.7055350553505535,0.7138643067846607,0.7125786163522012,0.46607669616519176
2028,spec_fusion_spec649_ridge_a5_0.35,spec_fusion_spec649_ridge_a5_0.35,0.6988929889298893,0.7138643067846607,0.7133123689727463,0.4778761061946903
2028,spec_fusion_spec649_ridge_a5_0.40,spec_fusion_spec649_ridge_a5_0.40,0.6878228782287823,0.7138643067846607,0.7122117400419288,0.46017699115044247
2028,spec_fusion_spec649_svc_c08_0.03,spec_fusion_spec649_svc_c08_0.03,0.7062730627306273,0.6873156342182891,0.6868448637316562,0.4808259587020649
2028,spec_fusion_spec649_svc_c08_0.05,spec_fusion_spec649_svc_c08_0.05,0.7070110701107011,0.6873156342182891,0.6868448637316562,0.4808259587020649
2028,spec_fusion_spec649_svc_c08_0.08,spec_fusion_spec649_svc_c08_0.08,0.7062730627306273,0.6843657817109144,0.6837002096436058,0.4778761061946903
2028,spec_fusion_spec649_svc_c08_0.12,spec_fusion_spec649_svc_c08_0.12,0.7062730627306273,0.6902654867256637,0.6892557651991614,0.471976401179941
2028,spec_fusion_spec649_svc_c08_0.18,spec_fusion_spec649_svc_c08_0.18,0.7047970479704797,0.6873156342182891,0.6861111111111111,0.4690265486725664
2028,spec_fusion_spec649_svc_c08_0.28,spec_fusion_spec649_svc_c08_0.28,0.7033210332103321,0.6755162241887905,0.6735324947589099,0.45722713864306785
2028,spec_fusion_spec649_svc_c08_0.35,spec_fusion_spec649_svc_c08_0.35,0.7033210332103321,0.6755162241887905,0.6735324947589099,0.45722713864306785
2028,spec_fusion_spec649_svc_c08_0.40,spec_fusion_spec649_svc_c08_0.40,0.7018450184501845,0.6755162241887905,0.6731656184486373,0.45132743362831856
2028,spec_spec649_gpu,spec_spec649_gpu,0.5291512915129152,0.6076696165191741,0.6052410901467505,0.45427728613569324
2028,spec_spec649_log_c04,spec_spec649_log_c04,0.5468634686346864,0.5929203539823009,0.5906184486373165,0.45722713864306785
2028,spec_spec649_log_c08,spec_spec649_log_c08,0.548339483394834,0.5870206489675516,0.5846960167714885,0.45722713864306785
2028,spec_spec649_ridge_a5,spec_spec649_ridge_a5,0.5571955719557196,0.6047197640117994,0.6050314465408805,0.49852507374631266
2028,spec_spec649_svc_c08,spec_spec649_svc_c08,0.5535055350553506,0.5575221238938053,0.540775681341719,0.22713864306784662
2028,spec_zfusion_spec649_gpu_0.08,spec_zfusion_spec649_gpu_0.08,0.7070110701107011,0.6843657817109144,0.6866352201257861,0.5250737463126843
2028,spec_zfusion_spec649_gpu_0.12,spec_zfusion_spec649_gpu_0.12,0.7062730627306273,0.6873156342182891,0.6894129979035639,0.5221238938053098
2028,spec_zfusion_spec649_gpu_0.18,spec_zfusion_spec649_gpu_0.18,0.7062730627306273,0.6873156342182891,0.6897798742138365,0.528023598820059
2028,spec_zfusion_spec649_gpu_0.28,spec_zfusion_spec649_gpu_0.28,0.6988929889298893,0.6932153392330384,0.695335429769392,0.5221238938053098
2028,spec_zfusion_spec649_gpu_0.35,spec_zfusion_spec649_gpu_0.35,0.6885608856088561,0.7020648967551623,0.7036687631027254,0.5132743362831859
2028,spec_zfusion_spec649_log_c04_0.08,spec_zfusion_spec649_log_c04_0.08,0.7062730627306273,0.696165191740413,0.6981132075471698,0.5191740412979351
2028,spec_zfusion_spec649_log_c04_0.12,spec_zfusion_spec649_log_c04_0.12,0.7033210332103321,0.6991150442477876,0.7008909853249476,0.5162241887905604
2028,spec_zfusion_spec649_log_c04_0.18,spec_zfusion_spec649_log_c04_0.18,0.7033210332103321,0.6932153392330384,0.6949685534591195,0.5162241887905604
2028,spec_zfusion_spec649_log_c04_0.28,spec_zfusion_spec649_log_c04_0.28,0.6988929889298893,0.7256637168141593,0.7262578616352201,0.49557522123893805
2028,spec_zfusion_spec649_log_c04_0.35,spec_zfusion_spec649_log_c04_0.35,0.6870848708487085,0.7256637168141593,0.7262578616352201,0.49557522123893805
2028,spec_zfusion_spec649_log_c08_0.08,spec_zfusion_spec649_log_c08_0.08,0.7033210332103321,0.696165191740413,0.6981132075471698,0.5191740412979351
2028,spec_zfusion_spec649_log_c08_0.12,spec_zfusion_spec649_log_c08_0.12,0.7055350553505535,0.7020648967551623,0.7040356394129978,0.5191740412979351
2028,spec_zfusion_spec649_log_c08_0.18,spec_zfusion_spec649_log_c08_0.18,0.7011070110701108,0.7020648967551623,0.7033018867924528,0.5073746312684366
2028,spec_zfusion_spec649_log_c08_0.28,spec_zfusion_spec649_log_c08_0.28,0.6988929889298893,0.7138643067846607,0.7147798742138365,0.5014749262536873
2028,spec_zfusion_spec649_log_c08_0.35,spec_zfusion_spec649_log_c08_0.35,0.6848708487084871,0.7256637168141593,0.7269916142557652,0.5073746312684366
2028,spec_zfusion_spec649_ridge_a5_0.08,spec_zfusion_spec649_ridge_a5_0.08,0.7062730627306273,0.6991150442477876,0.7008909853249476,0.5162241887905604
2028,spec_zfusion_spec649_ridge_a5_0.12,spec_zfusion_spec649_ridge_a5_0.12,0.7025830258302583,0.7050147492625368,0.7068134171907756,0.5162241887905604
2028,spec_zfusion_spec649_ridge_a5_0.18,spec_zfusion_spec649_ridge_a5_0.18,0.6996309963099631,0.7020648967551623,0.7036687631027254,0.5132743362831859
2028,spec_zfusion_spec649_ridge_a5_0.28,spec_zfusion_spec649_ridge_a5_0.28,0.6900369003690037,0.6902654867256637,0.6914570230607966,0.5073746312684366
2028,spec_zfusion_spec649_ridge_a5_0.35,spec_zfusion_spec649_ridge_a5_0.35,0.6907749077490775,0.7020648967551623,0.7029350104821803,0.5014749262536873
2028,spec_zfusion_spec649_svc_c08_0.08,spec_zfusion_spec649_svc_c08_0.08,0.7033210332103321,0.6843657817109144,0.6862683438155136,0.5191740412979351
2028,spec_zfusion_spec649_svc_c08_0.12,spec_zfusion_spec649_svc_c08_0.12,0.7040590405904059,0.6814159292035398,0.6827568134171907,0.5103244837758112
2028,spec_zfusion_spec649_svc_c08_0.18,spec_zfusion_spec649_svc_c08_0.18,0.7062730627306273,0.6666666666666666,0.6688679245283018,0.5250737463126843
2028,spec_zfusion_spec649_svc_c08_0.28,spec_zfusion_spec649_svc_c08_0.28,0.6966789667896679,0.6519174041297935,0.6538784067085954,0.5221238938053098
2028,spec_zfusion_spec649_svc_c08_0.35,spec_zfusion_spec649_svc_c08_0.35,0.6833948339483394,0.6607669616519174,0.6625786163522012,0.5191740412979351
2028,stack_lda,stack_lda,0.7121771217712177,0.6755162241887905,0.6735324947589099,0.45722713864306785
2028,stack_log_c003,stack_log_c003,0.7107011070110701,0.672566371681416,0.6736897274633123,0.5073746312684366
2028,stack_log_c01,stack_log_c01,0.7143911439114391,0.6666666666666666,0.6674004192872117,0.5014749262536873
